error_type,error_flag,pred_prob,source1_entity_id,candidate_entity_id,s1_name,cand_name,s1_address,cand_address,s1_pin,cand_pin,name_token_jaccard,name_levenshtein,name_jaro_winkler,name_tfidf_cosine,name_stripped_exact_match,name_len_diff_norm,addr_token_jaccard,addr_levenshtein,addr_jaro_winkler,addr_tfidf_cosine,pin_exact_match,pin_both_present,addr_token_overlap,country_exact_match
FN,,0.00017101076337103655,S1-214192623,S3-258026567,casillas lessard and rhames,casillas lessard and rhames incorporated,hitchcock 6812 1st street tx,5812 1nd saint hitchcock texas,None,None,1.0,0.8059701492537313,0.9349999999999999,0.9459529981379063,1.0,0.325,0.1111111111111111,0.4482758620689655,0.647827903091061,0.595656975970153,0.0,0.0,0.2,1.0
FN,,0.00018907200223870817,S1-758032930,S3-386272763,abhikalp foundation limited,abhikalp f0undation limited 2338437467,4 cauvery avenue alagapuram salem tamil nadu,,None,None,0.25,0.8,0.9063577747788275,0.585030926808206,0.0,0.2894736842105263,0.0,0.0,0.0,0.0,0.0,0.0,0.0,1.0
FN,,0.0007320374065657657,S1-377860031,S2-94435631,delhi chem india,delhi chem services services,tower 2 svasa homes no 13 5th main road karnataka 1002 kempegowda nagar bengaluru,,None,None,0.6666666666666666,0.5909090909090908,0.8553571428571429,0.547026208348881,0.0,0.42857142857142855,0.0,0.0,0.0,0.0,0.0,0.0,0.0,1.0
FN,,0.0008821097389619522,S1-373673673,S2-411474058,shree industries private limited,శ ర ఇ డస ట ర స ప ర వ ట ల మ ట డ,hno 15 74 tekulapalli khammam telangana,15 74 tekulapalli త ల గ ణ khammam,None,None,0.0,0.09677419354838712,0.3979166666666667,0.0,0.0,0.0625,0.4,0.6944444444444444,0.6886816886816888,0.7858324484619461,0.0,0.0,0.6666666666666666,1.0
FN,,0.000907646258148422,S1-350132104,S2-869187353,hotel consulting private limited,ഹ ട ടൽ കൺസൾട ട ഗ പ ര വറ റ ല മ റ റഡ,c o noushad gulzar house govt hospital road vizhinjam neyyattinkara thiruvananthapuram trivandrum kerala,c o noushad gulzar house trivandrum keralam,None,None,0.0,0.09090909090909094,0.39399509803921573,0.0,0.0,0.058823529411764705,0.42857142857142855,0.5714285714285714,0.850134168157424,0.6244929261034555,0.0,0.0,0.8571428571428571,1.0
FN,,0.000907646258148422,S1-350132104,S2-955721512,hotel consulting private limited,ഹ ട ടൽ കൺസൾട ട ഗ പ ര വറ റ ല മ റ റഡ,c o noushad gulzar house govt hospital road vizhinjam neyyattinkara thiruvananthapuram trivandrum kerala,c o noushad gulzar house trivandrum keralam,None,None,0.0,0.09090909090909094,0.39399509803921573,0.0,0.0,0.058823529411764705,0.42857142857142855,0.5714285714285714,0.850134168157424,0.6244929261034555,0.0,0.0,0.8571428571428571,1.0
FN,,0.0014913508015650554,S1-569877977,S3-769590399,global assets incorporated,global asgmlss ínc,5304 madison 4448 saint paul ar,5304 1 2 madison 4448 n a combs arkansas,None,None,0.25,0.6363636363636364,0.8632478632478632,0.3344184223504267,0.0,0.3076923076923077,0.2727272727272727,0.676056338028169,0.8285111662531017,0.6389580635458804,0.0,0.0,0.5,1.0
FN,,0.0016814093608354902,S1-68170645,S3-905748682,peyton s mountain hospitality,peyton s mountain 78918,5401 groveside lane rolling meadows il,,None,None,0.6,0.6923076923076923,0.8806596701649175,0.6156656312597194,0.0,0.20689655172413793,0.0,0.0,0.0,0.0,0.0,0.0,0.0,1.0
FN,,0.0020873416443900283,S1-520027791,S2-262629705,vas cv private limited,vas private limited services,plot no 25 gayathri nagar srinivasa nagar east behind huda maitrivanam ameerpet hyderabad telangana,,None,None,0.5,0.76,0.8647186147186148,0.6012769332049106,0.0,0.21428571428571427,0.0,0.0,0.0,0.0,0.0,0.0,0.0,1.0
FN,,0.0028298365214820655,S1-201570205,S3-962341145,suvidha welfare society,sri suvidha welfare cénter,s 7 plot no4 pkt 7 sf malhan plaza s 12 dwarka new delhi south west delhi delhi,,None,None,0.4,0.7346938775510203,0.7733635929288102,0.7419157547717927,0.0,0.11538461538461539,0.0,0.0,0.0,0.0,0.0,0.0,0.0,1.0
FN,,0.00285594143032373,S1-253227957,S3-635356810,indraprastha global,indraprastha global,714 a tamil nadu 7th floor mount road anna salai chennai,477 714 a madras chennai தம ழ ந ட,None,None,1.0,1.0,1.0,1.0000000000000002,1.0,0.0,0.125,0.449438202247191,0.5866192985758204,0.3450269561309747,0.0,0.0,0.25,1.0
FN,,0.0031558496682626298,S1-97540739,S3-903685016,shaw giovanna dds,shaw gi0vanna dds corporation,buffalo 570 halsey avenue mn,679 hhlsey avenue buffalo minnesota,None,None,0.5,0.6956521739130435,0.8701825557809331,0.6577348308233399,0.0,0.41379310344827586,0.25,0.5396825396825398,0.6532467532467532,0.525588404375946,0.0,0.0,0.4,1.0
FN,,0.007087763080121829,S1-130858124,S2-658493852,gb hotel llp,gb hl llp,vip colony near manas bharti school nawada bihar,,None,None,0.5,0.8571428571428572,0.95,0.6140189540684743,0.0,0.25,0.0,0.0,0.0,0.0,0.0,0.0,0.0,1.0
FN,,0.00939394501112317,S1-203772241,S2-30874922,vetecex group,vetecex llc,sacramento 2761 stockton boulevard ca unit apartment 420,ca sacramento 2761 stocktsn boulevard po box 1647,None,None,1.0,0.6666666666666667,0.8685314685314686,0.8556569338229039,1.0,0.15384615384615385,0.3333333333333333,0.7047619047619047,0.7182539682539684,0.6971001338228203,0.0,0.0,0.5,1.0
FN,,0.012160733146510666,S1-758994505,S3-925774160,espy s automotive,espy s center,1007 2700 unit a salt lake city ut,1007 2700 salt lakec ity utah,None,None,0.5,0.6,0.8443438914027149,0.5432791315314439,0.0,0.23529411764705882,0.3,0.8253968253968254,0.9006664734859461,0.7251906688020646,0.0,0.0,0.5,1.0
FN,,0.012213510170596742,S1-70586330,S2-293005592,osprey of fairfield glade incorporated,osprey of fáirfield gses incorporated,22 kingsbridge lane fairfield glade tn,1 kingsbridge lane crssville cdp tn,None,None,0.2,0.9066666666666666,0.9215546816166011,0.6675628687557731,0.0,0.02631578947368421,0.3333333333333333,0.7123287671232876,0.8218045112781954,0.5078361195177887,0.0,0.0,0.5,1.0
FN,,0.01228705944103273,S1-911146384,S3-206968612,ma multiservices corporation,ma c0rp center,35 jijibhoy dadabhoy lanefort mumbai maharashtra,35 jojibhoy dadabhoy lanefort bombay mumbai mh,None,None,0.25,0.33333333333333337,0.6655844155844156,0.1755478330999089,0.0,0.5,0.4444444444444444,0.8085106382978724,0.8551421404682276,0.8124020422642056,0.0,0.0,0.6666666666666666,1.0
FN,,0.01261375802006245,S1-214192623,S3-365397746,casillas lessard and rhames,casillas lessard raiea,hitchcock 6812 1st street tx,5812 1nd street hitchcock texas,None,None,0.5,0.8163265306122449,0.9274170274170274,0.7053732738796602,0.0,0.18518518518518517,0.25,0.5084745762711864,0.6821556579621095,0.6626165045976604,0.0,0.0,0.4,1.0
FN,,0.015204136858377272,S1-842996937,S3-703393271,arlina kaestner highland australia incorporated,arlina katsidtntr highland australia incorporated id 5378,573 beaver creek road smyth county va,573 beaevr creek road saltville virginia,None,None,0.42857142857142855,0.8653846153846154,0.8782729874331218,0.5940617010142486,0.0,0.17543859649122806,0.3,0.6753246753246753,0.8699227799227799,0.3482651944588901,0.0,0.0,0.5,1.0
FN,,0.02042699254673493,S1-859755952,S3-487391172,altus housing diamond project,altus housing,508 elm altus ok,08 elm altus oklahoma,None,None,0.5,0.6190476190476191,0.889655172413793,0.6994849547573271,0.0,0.5517241379310345,0.3333333333333333,0.8108108108108109,0.8839285714285715,0.6718401930962818,0.0,0.0,0.5,1.0
FN,,0.020523910333339862,S1-470354857,S2-164015021,kestium north incorporated,kestium incorporated center,2376 ripple drive bullhead city az,,None,None,0.3333333333333333,0.7547169811320755,0.8957264957264958,0.8204941144862645,0.0,0.037037037037037035,0.0,0.0,0.0,0.0,0.0,0.0,0.0,1.0
FN,,0.020785302561286946,S1-171461624,S2-116509926,spoc public school,spoc public scl,plot no 1 2 survey no 64 3rd floor 3b trendz metro sector 1 huda techno enclave shaikpet hyderabad telangana,h no 1 2 hyderabad త ల గ ణ,None,None,0.5,0.9090909090909091,0.9666666666666667,0.686593941955036,0.0,0.16666666666666666,0.13636363636363635,0.26865671641791045,0.5348053181386515,0.2397530629892554,0.0,0.0,0.375,1.0
FN,,0.0217491517941292,S1-217231023,S3-564452423,kwok eid llc,llc kw0k eid,545 greenland avenue city of oconomowoc wi,544 greenland avenue wisconsin oconomowoc,None,None,0.3333333333333333,0.5833333333333333,0.611111111111111,0.625776650066629,0.0,0.0,0.375,0.7951807228915662,0.8849399922570654,0.7875311934150842,0.0,0.0,0.6,1.0
FN,,0.02185493913457303,S1-439117512,S2-526895027,golden producer private limited,ग ल डन प र ड य सर प र इव ट ल म ट ड,office no 9 c 38 f f gali no 13 madhu vihar near hanuman mandir new delhi east delhi delhi,c 38 f f gali no 13 madhu vihar near hanuman mandir east delhi office no 9 3 द ल ल,None,None,0.0,0.09230769230769231,0.39500316255534473,0.0,0.0,0.08823529411764706,0.7777777777777778,0.7441860465116279,0.7491644083107497,0.8707062921002506,0.0,0.0,0.9333333333333333,1.0
FN,,0.02704977469135029,S1-248566799,S2-213912925,flamingo company,flomingo company,19 synagogue street city centre 4th floor room no 454 kolkata howrah west bengal,b3 19 kolkata r n mukherjee road kolkata west bengal,None,None,0.0,0.9375,0.8955555555555555,0.6536703657323629,0.0,0.0,0.2222222222222222,0.5151515151515151,0.6547785547785548,0.35566697324835456,0.0,0.0,0.4444444444444444,1.0
FN,,0.029271146402921118,S1-457616829,S3-193027200,broken memorial trust,broken trust service,vill tejganj school para nutanganj burdwan bardhaman west bengal,vill tejganj bardhaman পশ চ মবঙ গ,None,None,0.5,0.5853658536585367,0.8748809523809524,0.6880634904566005,0.0,0.047619047619047616,0.23076923076923078,0.4948453608247423,0.6672736985236986,0.5748556561169372,0.0,0.0,0.42857142857142855,1.0
FN,,0.03263171779591796,S1-523368208,S2-209456276,jesselyn oneal wilco llc,jesselyn oatnbhla wilco llc,245 montgomery lane homewood al,,None,None,0.5,0.8627450980392157,0.9533413848631239,0.6848042661131802,0.0,0.1111111111111111,0.0,0.0,0.0,0.0,0.0,0.0,0.0,1.0
FN,,0.03689599250801381,S1-319105003,S2-213115884,aim developers limited,aim limited services,1 44 rashmi khand eldeco rashmi khand sharda nagar lucknow uttar pradesh,1 44 rashmi khand eldeco rashmi khand sharda nagar lucnow उत तर प रद श,None,None,0.5,0.5238095238095238,0.6994949494949494,0.5281879462174154,0.0,0.09090909090909091,0.4375,0.8309859154929577,0.9324603174603174,0.8307485317721879,0.0,0.0,0.7,1.0
FN,,0.037909897687897536,S1-264869509,S3-582236949,alvarez mendez research,alvarez and mendez,12981 brannon road bethel oh,,12981,None,0.6666666666666666,0.6829268292682926,0.8571014492753622,0.8068482481824392,0.0,0.21739130434782608,0.0,0.0,0.0,0.0,0.0,0.0,0.0,1.0
FN,,0.039970198033738004,S1-369198632,S3-871488044,federman chimera associates,federman center associates,charlotte 9214 arbor creek drive nc,,None,None,0.5,0.8679245283018868,0.9212064907717082,0.7443225316071004,0.0,0.037037037037037035,0.0,0.0,0.0,0.0,0.0,0.0,0.0,1.0
FN,,0.041350558586030005,S1-520027791,S2-719582544,vas cv private limited,cvprivate com,plot no 25 gayathri nagar srinivasa nagar east behind huda maitrivanam ameerpet hyderabad telangana,plot no 25 ameerpet hyderabad behind huda maitrivanam telangana,None,None,0.0,0.6285714285714286,0.6305361305361306,0.3608689577495862,0.0,0.4090909090909091,0.6666666666666666,0.6296296296296297,0.8288849081952531,0.7958786992852626,0.0,0.0,1.0,1.0
FN,,0.04650601672865613,S1-659475289,S2-704265085,sree technology private limited,ஸ ர ட க ப ர வ ட ல ம ட ட,no 36 aryagowda road west mambalam chennai tamil nadu chennai,no 36 aryagowda road west mambalam chennai tamil nadu,None,None,0.0,0.11111111111111116,0.4090696587190276,0.0,0.0,0.25806451612903225,1.0,0.9298245614035088,0.9737704918032787,0.9606247621139975,0.0,0.0,1.0,1.0
FN,,0.053561631414821814,S1-472674635,S3-5693587,muskan marketing,muskan marketing,140 11 om ng hakikat nagar jind haryana,h no 556 140 11 jind hr,None,None,1.0,1.0,1.0,1.0,1.0,0.0,0.2727272727272727,0.4516129032258065,0.6274619100706057,0.40588562380612975,0.0,0.0,0.5,1.0
FN,,0.06009167317702317,S1-856211419,S3-776523861,dia incorporated,dia lnc center,675 brookbend court waxahachie tx,75 brookbend court texas waxahachie,None,None,0.3333333333333333,0.5333333333333333,0.6980820105820106,0.30271857594406215,0.0,0.125,0.42857142857142855,0.8529411764705883,0.909244227994228,0.8774388271425849,0.0,0.0,0.6,1.0
FN,,0.061769205424350764,S1-828114451,S2-513887841,halcola activate pc,center halcola pc,12 oriole lane north oaks mn,saint paul mn 12b oriole lane,None,None,0.5,0.5555555555555556,0.713741366992141,0.7299681647235682,0.0,0.10526315789473684,0.3333333333333333,0.49122807017543857,0.593861682604076,0.5659340772884431,0.0,0.0,0.5,1.0
FN,,0.062597135586687,S1-133902932,S3-743717620,jain edusystems private limited,mr jain edusystems private limited,flat no 302 chartered mady 17th main j p nagar phase ii bangalore karnataka,00302 bangalore jp nagar ka,None,00302,0.6666666666666666,0.9538461538461537,0.8308032890575584,0.9543483816968839,0.0,0.08823529411764706,0.13333333333333333,0.37254901960784315,0.5360493827160494,0.3378597920939091,0.0,0.0,0.5,1.0
FN,,0.06285986478189234,S1-971977835,S3-227023948,pediatric clinic incorporated,solectozeph,17891 jubilee way mn lakeville unit unit a,17891 jubilee way lakeville minnesota,17891,17891,0.0,0.19999999999999996,0.4089864158829675,0.0,0.0,0.6206896551724138,0.5,0.8101265822784811,0.9103944280414868,0.7540681590644892,1.0,1.0,0.75,1.0
FN,,0.06445691336438608,S1-442514231,S3-301361268,milky infra private limited,fluxmira,hafiyath building 416 c east of market punnapra alappuzha kerala,hafiyath building 416 c east of market punnapra alappuzha kl,None,None,0.0,0.22857142857142854,0.5462962962962963,0.03818228586372301,0.0,0.7037037037037037,0.8,0.967741935483871,0.9874999999999999,0.9502750087878555,0.0,0.0,0.8888888888888888,1.0
FN,,0.06782752148735079,S1-977345487,S3-670174631,meenita trading limited,meenita tráding,c o vikram singh mangu gram unhel jhalawar jhalawar rajasthan,rj ajmer region c o vikram singh mangu,None,None,0.3333333333333333,0.736842105263158,0.9084057971014493,0.6466847072348596,0.0,0.34782608695652173,0.4166666666666667,0.4444444444444444,0.6326484756974403,0.4030893258874808,0.0,0.0,0.625,1.0
FN,,0.06895052058779602,S1-765690318,S3-465782777,milena hietpas pro lp,mi1ena hietpas,325 p street unit 710 washington dc,district of columbia 325 p street washington,None,None,0.2,0.7428571428571429,0.8793650793650793,0.6008754492382716,0.0,0.3333333333333333,0.4444444444444444,0.5822784810126582,0.6683012389908942,0.5011971027093103,0.0,0.0,0.6666666666666666,1.0
FN,,0.06956187145505038,S1-753723194,S3-490250100,carder studios llc,carder steuis o llc,2810 gateway oaks drive unit 320 sacramento ca,2810 gateway oaks drive sacramentoc ity california,None,None,0.25,0.8648648648648648,0.9560715514275886,0.47307240087008917,0.0,0.05263157894736842,0.36363636363636365,0.7708333333333335,0.9032364793213149,0.721555296460055,0.0,0.0,0.5714285714285714,1.0
FN,,0.08440077811376427,S1-815465344,S3-6350723,voss arnold north llc,vossarnoldnorth com,3168 landscape circle canton oh,ohio cnton 3168 landscape cicrle,None,None,0.0,0.85,0.9055580126787557,0.6380263038558758,0.0,0.09523809523809523,0.25,0.6349206349206349,0.7298904052936311,0.6265587029699426,0.0,0.0,0.4,1.0
FN,,0.08827781102499903,S1-208975358,S3-58703883,ceex llc,ceex llc center,6267 willow oak drive huber heights oh,ohio tipp city 6267 willow oak drive,None,None,0.5,0.6956521739130435,0.9066666666666666,0.8851793184312895,0.0,0.4666666666666667,0.4,0.5675675675675675,0.6482980956665166,0.5841853797163401,0.0,0.0,0.5714285714285714,1.0
FN,,0.08858335349674712,S1-480109307,S3-98879134,misha jensen d c,misha jensen d c lp,9791 carmencita avenue sacramento ca,979 carmencita avenue sacramento california,None,None,0.8,0.9142857142857143,0.968421052631579,0.9565684966586537,0.0,0.15789473684210525,0.42857142857142855,0.8860759493670887,0.9501076658053402,0.8101054694520864,0.0,0.0,0.6,1.0
FN,,0.09271339065562854,S1-711813257,S2-106811322,rajmata law chambers private limited,rajmata chambers law private limited,a b 01 sree enclave plot no 48 1 4th a cross shirdi sai nagar munekolal a kundalahalli bangalore karnataka,,None,None,1.0,0.8888888888888888,0.9666666666666667,1.0000000000000004,0.0,0.0,0.0,0.0,0.0,0.0,0.0,0.0,0.0,1.0
FN,,0.09543093826427478,S1-997417869,S3-941535803,achyut church private limited,achyut church private limited,surat 533 vyara pati faliya village padamdungari gujarat,533 surat tapi gj,None,None,1.0,1.0,1.0,1.0,1.0,0.0,0.2,0.3835616438356164,0.617296918767507,0.31187004687659864,0.0,0.0,0.5,1.0
FN,,0.10892664953294495,S1-650886240,S2-119780972,galindo and needham llc,galindo needham llc services,15923 mill point drive houston tx,,15923,None,1.0,0.7450980392156863,0.8667701863354037,0.8897560985964932,0.0,0.17857142857142858,0.0,0.0,0.0,0.0,0.0,0.0,0.0,1.0
FN,,0.1112796625225285,S1-275862783,S2-650649492,aapki international school of serilingampally,shri aapki international school of serilingampally limited,1 57 11c flat no 302 ananda nilayam sri ram nagar serilingampally k v rangareddy telangana,40 1 57 11c flat no 302 ananda nilayam sri ram nagra serilingampally andhra pradesh,None,None,0.8,0.8737864077669903,0.8067688378033205,0.9514966750712585,0.0,0.22413793103448276,0.5263157894736842,0.8208092485549133,0.7762403147945317,0.7664323085285523,0.0,0.0,0.7142857142857143,1.0
FN,,0.12171122031735802,S1-128350097,S3-171876122,fu emmert perkins oaktree,fu emmert perkins,1710 mount hood street the dalles or,01710 mt hood street the dalles null oregon,None,01710,0.75,0.8095238095238095,0.936,0.8092628011319946,0.0,0.32,0.375,0.8354430379746836,0.8542988019732206,0.6814277777502609,0.0,0.0,0.6,1.0
FN,,0.14009122137406124,S1-747450380,S2-643010992,xavier moss ciccone llc,xavier moss ciccone llc partners,7325 tannery way city of el paso tx,tx el psao township 7325 tannery way,None,None,0.75,0.8363636363636364,0.94375,0.9390630198749454,0.0,0.28125,0.5555555555555556,0.45070422535211263,0.595045695045695,0.6600195567282282,0.0,0.0,0.7142857142857143,1.0
FN,,0.1440136087247179,S1-77242710,S3-579611758,venevue johnson pllc,venevue johnson,411 annaberg lane monroe nc,,None,None,0.6666666666666666,0.8571428571428572,0.95,0.9347636048625593,0.0,0.25,0.0,0.0,0.0,0.0,0.0,0.0,0.0,1.0
FN,,0.150367357180761,S1-257203049,S3-959352039,rio sangh,rio services,flat no 09 rukhmini appt chetna nagar opposite chobe hospital aurangabad maharashtra,aurangabad mh 09 rukhmini appt aurangabad,None,None,0.5,0.4761904761904761,0.6574074074074074,0.4190556802460621,0.0,0.25,0.3333333333333333,0.48,0.6368275941446674,0.5981479296011035,0.0,0.0,0.8,1.0
FN,,0.1513209888514493,S1-347383673,S2-730693848,vision care of klamath falls,vision of klamath falls services,584 old midland road klamath falls or,584 old midlgnd road klamath ffalls or,None,None,0.75,0.7666666666666666,0.8708214285714286,0.8944145080344493,0.0,0.125,0.5,0.96,0.9340682788051209,0.7881067611143417,0.0,0.0,0.6666666666666666,1.0
FN,,0.15443737158573345,S1-295295975,S2-552987042,x z m intercontinental,x z m intercontinental services,3235 woodbrook court irving tx,,None,None,1.0,0.8301886792452831,0.9419354838709678,0.905718916883075,1.0,0.2903225806451613,0.0,0.0,0.0,0.0,0.0,0.0,0.0,1.0
FN,,0.16325288317430978,S1-358190508,S2-805715982,ferguson twp economic development trust,ferguson twp economic development,2238 setter run lane ferguson twp pa,,None,None,0.8,0.9166666666666665,0.9692307692307692,0.9559498427148679,0.0,0.15384615384615385,0.0,0.0,0.0,0.0,0.0,0.0,0.0,1.0
FN,,0.16728675403088406,S1-867212465,S3-771404980,ilse s rapid law group,ilse s rapid law incorporated,105 miles drive san marcos tx,105 miles drive san marcos texas,None,None,1.0,0.7450980392156863,0.9097492163009404,0.8395460008864276,1.0,0.2413793103448276,0.7142857142857143,0.9508196721311475,0.98125,0.9057636938389386,0.0,0.0,0.8333333333333334,1.0
FN,,0.16903323989202654,S1-128350097,S2-268413508,fu emmert perkins oaktree,fu emmert ánd,1710 mount hood street the dalles or,1708 mount hood street the dalles or,None,None,0.4,0.5789473684210527,0.8572307692307692,0.5263788027211479,0.0,0.48,0.6666666666666666,0.9722222222222221,0.9851851851851852,0.7987610314995617,0.0,0.0,0.8,1.0
FN,,0.17384139032389312,S1-347383673,S3-126059605,vision care of klamath falls,vision care of klamath,584 old midland road klamath falls or,0584 old midland road null klamath falls oregon,None,None,0.75,0.88,0.9571428571428571,0.8702027601130018,0.0,0.21428571428571427,0.5555555555555556,0.8809523809523809,0.875023960130343,0.8048692595968593,0.0,0.0,0.8333333333333334,1.0
FN,,0.17719233090864997,S1-97540739,S3-728964461,shaw giovanna dds,shaw giovanna partners,buffalo 570 halsey avenue mn,570 halsey avenue buffaol minnesota,None,None,0.5,0.7692307692307692,0.9128342245989304,0.8298277443856269,0.0,0.22727272727272727,0.42857142857142855,0.6349206349206349,0.7087301587301588,0.6785996570696281,0.0,0.0,0.6,1.0
FN,,0.18362394588524195,S1-164243851,S3-434741463,great horizon vertical incorporated,great horizon vertical ínc,68 croton avenue unit apartment a7 ossining ny,68 croton avenue unit apartment a7 ossining new york,None,None,0.75,0.819672131147541,0.9351648351648352,0.8408619146843036,0.0,0.2571428571428571,0.7,0.9387755102040817,0.9769230769230769,0.937892234049902,0.0,0.0,0.875,1.0
FN,,0.19204202409453644,S1-950742151,S3-592841981,keen murph pinnacle,keen murph pinnacle limited,1411 maple drive bedford tx,,None,None,1.0,0.826086956521739,0.9407407407407408,0.9672991219587369,1.0,0.2962962962962963,0.0,0.0,0.0,0.0,0.0,0.0,0.0,1.0
FN,,0.19502708759510298,S1-191490925,S2-178445092,maurise s custom tavern,maurise s custom tavern corporation,telford 335 telford road tn,,None,None,1.0,0.7931034482758621,0.9314285714285714,0.9232093336345485,1.0,0.34285714285714286,0.0,0.0,0.0,0.0,0.0,0.0,0.0,1.0
FN,,0.19611570878891033,S1-520679444,S3-706590760,eadie torres frontier apollo llc,eadie eadie torres frontier apollo l l c,3910 oleander drive wilmington nc,3910 oleander drive wilmmington north carolina,None,None,0.6666666666666666,0.8888888888888888,0.8975,0.9167582897850675,0.0,0.2,0.375,0.8354430379746836,0.9434782608695652,0.7838427288041865,0.0,0.0,0.6,1.0
FN,,0.19938055506039146,S1-549963411,S2-578408526,flora brothers company,flora brothers có,h no 83 sikrona near government school fatepur tegga faridabad haryana,83 sikrona near governmet school fatepur tegga faridabad हर य ण,None,None,0.6666666666666666,0.8205128205128205,0.9336898395721925,0.7646319622191926,0.0,0.22727272727272727,0.5,0.8571428571428572,0.7682629360595462,0.8838737518302422,0.0,0.0,0.7,1.0
FN,,0.2026310121492818,S1-257306706,S3-590984438,clinton wildlife guild,clinton wildlife guild córp,1058 1175 clinton ut,1058 1175 clinton utah,None,None,0.75,0.8979591836734694,0.962962962962963,0.8865794744738013,0.0,0.18518518518518517,0.6,0.9523809523809522,0.9818181818181818,0.9045766539148572,0.0,0.0,0.75,1.0
FN,,0.20601793748010033,S1-320857877,S2-481586738,cu sleep private limited,cu sleep private,102 poorna apartment 68 69 sir pochkhanwala road worli mumbai maharashtra,,None,None,1.0,0.8,0.9333333333333333,0.9588047469205228,1.0,0.3333333333333333,0.0,0.0,0.0,0.0,0.0,0.0,0.0,1.0
FN,,0.20742253899278895,S1-872398160,S3-992989471,stanek hovnanian incorporated,stanek hovnanian,7825 vinings oak lane unit 923 matthews nc,,None,None,1.0,0.7111111111111111,0.9103448275862069,0.9312856453545669,1.0,0.4482758620689655,0.0,0.0,0.0,0.0,0.0,0.0,0.0,1.0
FN,,0.20793889606263827,S1-341545488,S3-909176069,aparna industries group,aparna industries,inayat nagar 5 nambar milkipur faizabad uttar pradesh,inayat nagar milkipur faizabad उत तर प रद श,None,None,1.0,0.85,0.9478260869565217,0.9089777578894541,1.0,0.2608695652173913,0.3076923076923077,0.6666666666666667,0.8335002452055855,0.7248338110891082,0.0,0.0,0.5,1.0
FN,,0.20995768515981597,S1-341545488,S3-78269404,aparna industries group,aparna industries corporation,inayat nagar 5 nambar milkipur faizabad uttar pradesh,inayat nagar 5 nambar milkipur faizabad उत तर प रद श,None,None,1.0,0.7692307692307692,0.917912472335261,0.8101187095594928,1.0,0.20689655172413793,0.46153846153846156,0.7809523809523811,0.9124092888243831,0.8227237356023456,0.0,0.0,0.75,1.0
FN,,0.2100832725675277,S1-765690318,S3-215155033,milena hietpas pro lp,hietpas milena pro llc,325 p street unit 710 washington dc,325 p street 710 district of columbia washington,None,None,0.75,0.6046511627906976,0.8538239538239537,0.9480279907978597,0.0,0.045454545454545456,0.5555555555555556,0.6506024096385542,0.8771288515406163,0.6157397233560437,0.0,0.0,0.7142857142857143,1.0
FN,,0.21330160443901017,S1-199702910,S3-49154213,norma law chambers,dr norma law chamenbrs chamenbrs,j 8 109 ug floor rajouri garden new delhi delhi,no 11 j 8 109 new delhi dl,None,None,0.4,0.72,0.7060185185185185,0.4794829247073562,0.0,0.4375,0.45454545454545453,0.547945205479452,0.6463981593491307,0.5521872167314542,0.0,0.0,0.7142857142857143,1.0
FN,,0.21404725122842272,S1-714522366,S2-827404611,britta baum do,britta baum,10911 huntcliff drive unit apartment 7 owings mills md,0911 huntcliff drive owings millls md,10911,None,0.6666666666666666,0.88,0.9571428571428571,0.9291992542780332,0.0,0.21428571428571427,0.4,0.7912087912087913,0.8058058058058059,0.8016659146137051,0.0,0.0,0.6666666666666666,1.0
FN,,0.21625781984996215,S1-443383960,S3-44585635,swar systems private limited,swar syestems private limited,24 gali no 6 bhawani nagar majitha road amritsar punjab,,None,None,0.3333333333333333,0.9824561403508771,0.9216748768472907,0.7159985593552152,0.0,0.034482758620689655,0.0,0.0,0.0,0.0,0.0,0.0,0.0,1.0
FN,,0.2192566535955753,S1-874362372,S3-593961108,dark solutions private limited,dark solutions private private limited 2829490513,62 ground floor sahara mall m g road gurgaon haryana,62 sahara mall m g road gurgaon हर य ण,None,None,0.5,0.759493670886076,0.9024489795918368,0.6509450476878897,0.0,0.3877551020408163,0.5384615384615384,0.7111111111111111,0.7985909343494483,0.680060243012441,0.0,0.0,0.7,1.0
FN,,0.22143873188335272,S1-496674014,S3-139681787,novack clear twin group,novack clear twin,1005 river birch court chesapeake city va,01005 river birch court chesapeake city virginia,None,01005,1.0,0.85,0.9478260869565217,0.9210408361502427,1.0,0.2608695652173913,0.625,0.9213483146067416,0.9432588075880758,0.8535932999577784,0.0,0.0,0.8333333333333334,1.0
FN,,0.22569511615893903,S1-719669995,S3-916959900,glaspie vines and gallman dpc lp,glaspie vines and gallman dpc incorporated,5912 charming lane milford de,05912 charming lane milford delaware,None,05912,0.8,0.8378378378378379,0.9413690476190476,0.9287610992612189,0.0,0.23809523809523808,0.5,0.8923076923076922,0.9351851851851851,0.7756665698029045,0.0,0.0,0.75,1.0
FN,,0.2377851358594038,S1-180372325,S3-8030971,hawkins shore of weatherford incorporated,ínc hawkins shore of weatherford,2420 o connor ran drive floor 0 weatherford tx,2420 o connor ran drive floor 0 weatherford texas,None,None,0.75,0.7671232876712328,0.7102694841603588,0.9045621454808259,0.0,0.21951219512195122,0.8,0.9684210526315788,0.9877551020408164,0.941807391689316,0.0,0.0,0.8888888888888888,1.0
FN,,0.23998255780480499,S1-984787640,S3-958788557,pansy s better vision center,pansy s better vision center company,1258 martin street nashville tn,martin street nashville tennessee,None,None,1.0,0.875,0.9555555555555556,0.9315166406082382,1.0,0.2222222222222222,0.5,0.8125,0.7345038474070732,0.6792923302372699,0.0,0.0,0.75,1.0
FN,,0.2422056640284485,S1-811364114,S3-792203040,a cure 7 you llc,the a cure 7 you llc,311 commonwealth avenue unit 20 boston ma,311 commonwealth avenue 20 boston massachusetts,None,None,1.0,0.8888888888888888,0.8083333333333332,0.9236173281018287,0.0,0.2,0.625,0.8181818181818181,0.9102258760549532,0.8305831615732531,0.0,0.0,0.8333333333333334,1.0
FN,,0.2442658675727682,S1-221444218,S3-846982050,global holdco company,global holdco có,1170 banton road palermo me,1170 banton road palermo maine,None,None,0.6666666666666666,0.8108108108108109,0.9303571428571429,0.7895699170494752,0.0,0.23809523809523808,0.6666666666666666,0.9473684210526316,0.98,0.9046269780363847,0.0,0.0,0.8,1.0
FN,,0.24592860857967921,S1-218248619,S3-561473770,dholakia exports limited,sri dholakia exports,19 4 7 b 8 1 chandrayangutta falaknuma charminar hyderabad telangana,,None,None,0.6666666666666666,0.7272727272727273,0.7166666666666667,0.9128787282109451,0.0,0.16666666666666666,0.0,0.0,0.0,0.0,0.0,0.0,0.0,1.0
FN,,0.2486109505528131,S1-134684888,S2-722609779,61 93 lionheart incorporated,61 93 lionheart,16 main street danville in,,None,None,1.0,0.6976744186046511,0.9071428571428571,0.929588617182623,1.0,0.4642857142857143,0.0,0.0,0.0,0.0,0.0,0.0,0.0,1.0
FN,,0.25187264331684267,S1-792872528,S2-537622018,reed montessori school incorporated,reed montessori school,204 tenth street chester wv,,None,None,1.0,0.7719298245614035,0.9257142857142857,0.9256188196011352,1.0,0.37142857142857144,0.0,0.0,0.0,0.0,0.0,0.0,0.0,1.0
FN,,0.25232188234552844,S1-443897230,S3-570816788,cherin alfaro pinnacle healthcare,cherin alfaro pinnacle services,2313 camp david drive mesquite tx,2313 2315 camp david drive mesquite texas,None,None,0.75,0.8125,0.930422504616053,0.7981316854847297,0.0,0.06060606060606061,0.625,0.8918918918918919,0.8821877309682188,0.8789918608876807,0.0,0.0,0.8333333333333334,1.0
FN,,0.2570252734492466,S1-203772241,S2-861997455,vetecex group,vetecex lnc,sacramento 2761 stockton boulevard ca unit apartment 420,2761 stockton boulevard po box 1680 sacramento ca,None,None,0.5,0.6666666666666667,0.8685314685314686,0.762800694641942,0.0,0.15384615384615385,0.45454545454545453,0.6285714285714286,0.7182539682539684,0.7729873711550754,0.0,0.0,0.625,1.0
FN,,0.2571648849818824,S1-586838523,S3-836285104,hernandez wade charles,hernandez wade charles corporation,18924 evans street douglas county ne,,18924,None,1.0,0.7857142857142857,0.9294117647058824,0.9228768070114539,1.0,0.35294117647058826,0.0,0.0,0.0,0.0,0.0,0.0,0.0,1.0
FN,,0.25791247987809346,S1-839309172,S3-964755599,nordic institute,smt nordic institute limited,h no 2406 phase 10 sector 64 mohali sas nagar punjab,c 2406 sector 64 mohali sas nagar ਪ ਜ ਬ,None,None,0.6666666666666666,0.7272727272727273,0.7113095238095237,0.8785887567850612,0.0,0.42857142857142855,0.42857142857142855,0.7252747252747253,0.7139804639804641,0.691518096910422,0.0,0.0,0.6,1.0
FN,,0.26370417621236775,S1-842996937,S3-539631228,arlina kaestner highland australia incorporated,arlina kaestner australia incorporated center,573 beaver creek road smyth county va,573 beaver creek road saltville virginia,None,None,0.6,0.826086956521739,0.8879905437352246,0.8805387855168471,0.0,0.0425531914893617,0.4444444444444444,0.7012987012987013,0.877065637065637,0.4923883210060962,0.0,0.0,0.6666666666666666,1.0
FN,,0.26404402645689906,S1-126638291,S2-898417747,hicks williams white incorporated,hicks williams white,2138 wilson road unit b4 knoxville tn,,None,None,1.0,0.7547169811320755,0.9212121212121211,0.9251321132680996,1.0,0.3939393939393939,0.0,0.0,0.0,0.0,0.0,0.0,0.0,1.0
FN,,0.26497084430515805,S1-549963411,S2-771721901,flora brothers company,sri flora brothers,h no 83 sikrona near government school fatepur tegga faridabad haryana,door no 83 sikrona near government school fatepur tegga faridabad haryana,None,None,0.6666666666666666,0.7,0.6828282828282828,0.786926783232176,0.0,0.18181818181818182,0.8181818181818182,0.9650349650349651,0.8320457188235628,0.9829601986956574,0.0,0.0,0.9,1.0
FN,,0.2664836445684469,S1-905106256,S3-493282980,krista windom cea llc,krista windom llc service,1400 westinghouse road unit 3211 georgetown tx,140 westinghouse road 3211 georgetown texas,None,None,0.5,0.7391304347826086,0.9304761904761905,0.8156326770823179,0.0,0.16,0.4444444444444444,0.898876404494382,0.9066194809571958,0.8603637006440349,0.0,0.0,0.6666666666666666,1.0
FN,,0.2668000658447938,S1-421435439,S2-11331417,valdez pyrophyte llc,valdez llc service,1900 kittrell drive ocean isle beach nc,kittrell drive ocean islle beach nc,None,None,0.3333333333333333,0.5263157894736843,0.8200000000000001,0.5007904583799229,0.0,0.1,0.625,0.9189189189189189,0.8006823242117361,0.8201309532111586,0.0,0.0,0.8333333333333334,1.0
FN,,0.27001054738194835,S1-754857741,S2-665614545,mcarthur aegon of lowell incorporated,mcarthur aegon of lowell,17342 tapper street lowell in,lowell in 17235 tapper street,17342,17235,1.0,0.7868852459016393,0.9297297297297297,0.9439547307685339,1.0,0.35135135135135137,1.0,0.5862068965517242,0.6573617952928298,0.6723118383468873,0.0,1.0,1.0,1.0
FN,,0.27156601201690306,S1-248343073,S2-934891731,surmount india mart private limited,surmount india mart limited center,2d jay vijay apartment 61b palm avenue kolkata howrah west bengal,no 378 2d jay vijay apartment 61b palm avenue kolkata west bengal,None,None,0.75,0.782608695652174,0.9272377338031986,0.8914346348917331,0.0,0.02857142857142857,0.8333333333333334,0.8923076923076922,0.7972186006084311,0.9020123738152376,0.0,0.0,0.9090909090909091,1.0
FN,,0.2741041363791187,S1-685535568,S3-140734103,jessalyn esker atlanta,jessalyn esker atlanta corporation,2120 grizzly trail harker heights tx,,None,None,1.0,0.7857142857142857,0.9294117647058824,0.9444979137692188,1.0,0.35294117647058826,0.0,0.0,0.0,0.0,0.0,0.0,0.0,1.0
FN,,0.27512440298462393,S1-659761244,S2-339699305,fqx builders private limited,fqx budiers private limited,223 2nd floor center point building kolkata kolkata howrah west bengal,,None,None,0.3333333333333333,0.9454545454545454,0.941005291005291,0.5830450191627569,0.0,0.03571428571428571,0.0,0.0,0.0,0.0,0.0,0.0,0.0,1.0
FN,,0.27530411043247843,S1-65784613,S3-374081180,melur engineering private limited,melur engineering private,third floor first main road domlur layout karnataka bangalore 31,door no 31 domlur layout bangalore ಕರ ನ ಟಕ,None,None,1.0,0.8620689655172413,0.9515151515151515,0.9652488974923155,1.0,0.24242424242424243,0.2857142857142857,0.6037735849056604,0.6600694444444445,0.6328665719143908,0.0,0.0,0.5,1.0
FN,,0.2755478150777306,S1-95543409,S3-19178443,varshan builders private limited,varshan builders private,shivram puram meerut city near sheela provising store meerut 84 1 rohta road meerut uttar pradesh,84 1 rohta road meerut उत तर प रद श,None,None,1.0,0.8571428571428572,0.95,0.9609669877476146,1.0,0.25,0.2631578947368421,0.36363636363636365,0.4864912168363535,0.5557529073619212,0.0,0.0,0.5,1.0
FN,,0.28071588761312677,S1-98446575,S3-960449811,olvera republic pllc,olvera republic,130 rainbow court seeley lake mt,130 rainbow court seeleylake cdp montana,None,None,0.6666666666666666,0.8571428571428572,0.95,0.9315858282326627,0.0,0.25,0.3333333333333333,0.8611111111111112,0.9475,0.7312223787124675,0.0,0.0,0.5,1.0
FN,,0.2812648321787722,S1-478021884,S2-873767988,builders hariom engicon private limited,builders hariom engicon,1219 a rk puram kota rajasthan,,None,None,1.0,0.7419354838709676,0.917948717948718,0.9375492395064158,1.0,0.41025641025641024,0.0,0.0,0.0,0.0,0.0,0.0,0.0,1.0
FN,,0.2838205802587185,S1-203772241,S3-209197328,vetecex group,vetecex llc,sacramento 2761 stockton boulevard ca unit apartment 420,2761 stockton boulevard unit apartment 420 sacramento california,None,None,1.0,0.6666666666666667,0.8685314685314686,0.8556569338229039,1.0,0.15384615384615385,0.7777777777777778,0.7,0.8154761904761904,0.9231830434120971,0.0,0.0,0.875,1.0
FN,,0.28383839069805217,S1-939101313,S3-954360491,leesa salgado prime audio installation corporation,leesa salgad0 prime audio installation,3200 kingwood drive great falls mt,3200 c kingwood drive great falls montana,None,None,0.6666666666666666,0.8409090909090909,0.8832773826458037,0.8546339935489876,0.0,0.24,0.625,0.9066666666666666,0.8952654232424676,0.8680177180760449,0.0,0.0,0.8333333333333334,1.0
FN,,0.28468388992672916,S1-859755952,S2-715197909,altus housing diamond project,altus housing,508 elm altus ok,510 elm altus ok,None,None,0.5,0.6190476190476191,0.889655172413793,0.6994849547573271,0.0,0.5517241379310345,0.6,0.9375,0.9625,0.7927808120805973,0.0,0.0,0.75,1.0
FN,,0.28472050801093074,S1-656898988,S3-924611187,kacey piercy desert rush llc,kacey piercy desert,220 12th street hamilton oh,220 12th street hamilton ohio,None,None,0.75,0.8085106382978724,0.9357142857142857,0.8853434586659685,0.0,0.32142857142857145,0.6666666666666666,0.9642857142857143,0.9862068965517241,0.9250825972525473,0.0,0.0,0.8,1.0
FN,,0.2937385262980326,S1-881023547,S3-54164818,kestan pattana incorporated,kestan kestan incorporated center,8333 park vista circle charlotte nc,8333 park vista cir charlotte north carolina,None,None,0.3333333333333333,0.7666666666666666,0.8732323232323231,0.697089631302066,0.0,0.18181818181818182,0.4444444444444444,0.8101265822784811,0.8961471861471861,0.7895058316848895,0.0,0.0,0.6666666666666666,1.0
FN,,0.29703858775667463,S1-785596927,S3-39781502,ganpati company,ganpati company center,level 5 dnyanvatsal complex opp vandevi mandir karve nagar pune maharashtra,h no 546 level 5 pune मह र ष ट र,None,None,0.5,0.8108108108108109,0.9363636363636364,0.9297530218761265,0.0,0.3181818181818182,0.17647058823529413,0.2990654205607477,0.5343055555555556,0.2412335325484576,0.0,0.0,0.3333333333333333,1.0
FN,,0.29717084028087504,S1-560575702,S2-573351653,craig s spa,craig s services,nm 3416 kafka road rio rancho,3416 kafka road rio raancho city nm,None,None,1.0,0.6666666666666667,0.8761363636363637,0.6915358297080207,1.0,0.3125,0.625,0.8125,0.7403271909019035,0.8512785158435321,0.0,0.0,0.8333333333333334,1.0
FN,,0.3012947874107333,S1-113800133,S3-221466509,mam india private limited,mam india,door no xv 34 u brothers building guruvayoor road kunnamkulam post thrissur district thrissur kerala,door no xv 34 u brothers building guruvayoor road kunnamkulam post thrissur district thrissur kl,None,None,1.0,0.5294117647058824,0.872,0.8333422277371069,1.0,0.64,0.8571428571428571,0.9795918367346939,0.992,0.9732233914098135,0.0,0.0,0.9230769230769231,1.0
FN,,0.3012947874107333,S1-113800133,S3-517692803,mam india private limited,mam india,door no xv 34 u brothers building guruvayoor road kunnamkulam post thrissur district thrissur kerala,door no xv 34 u brothers building guruvayoor road kunnamkulam post thrissur district thrissur kl,None,None,1.0,0.5294117647058824,0.872,0.8333422277371069,1.0,0.64,0.8571428571428571,0.9795918367346939,0.992,0.9732233914098135,0.0,0.0,0.9230769230769231,1.0
FN,,0.30294601460371823,S1-616557249,S2-243315380,3404 third ave partners llc,3404 third ave 47282,404 8th street unit 404 anton tx,8st street anton tx,None,None,0.6,0.6382978723404256,0.8611111111111112,0.6974517733364549,0.0,0.25925925925925924,0.42857142857142855,0.7058823529411764,0.7440302144249512,0.3783593426030395,0.0,0.0,0.75,1.0
FN,,0.3036520577652038,S1-768558896,S2-875053339,advika clinic private limited,advika clinic,flat no a 404 celesta iggaluru village bangalore south bangalore karnataka,,None,None,1.0,0.6190476190476191,0.889655172413793,0.8996246675945397,1.0,0.5517241379310345,0.0,0.0,0.0,0.0,0.0,0.0,0.0,1.0
FN,,0.30550836694638456,S1-470354857,S3-92961922,kestium north incorporated,kestium north north,2376 ripple drive bullhead city az,2375 ripple drive bullhead city arizona,None,None,1.0,0.8,0.9279352226720647,0.85221522770672,0.0,0.2692307692307692,0.5,0.904109589041096,0.9572398190045248,0.7727556762128442,0.0,0.0,0.6666666666666666,1.0
FN,,0.30584542919412616,S1-113800133,S2-358248714,mam india private limited,dr mam india private,door no xv 34 u brothers building guruvayoor road kunnamkulam post thrissur district thrissur kerala,door no xv 34 u brothers building guruvayoor road kunnamkulam post thrissur district keralam,None,None,0.6666666666666666,0.7555555555555555,0.7251851851851852,0.8484011421285154,0.0,0.2,0.8571428571428571,0.9479166666666665,0.9776282847587195,0.9516017727649091,0.0,0.0,0.9230769230769231,1.0
FN,,0.3063589747449343,S1-974697730,S3-245671664,radhakrishna traders limited,mr radhakrishna limited traders,chennai sf no 26 1 west mada street chennai maduravoyel tamil nadu,hn 666 sf no 26 1 west mada street chennai தம ழ ந ட,None,None,0.6666666666666666,0.6779661016949151,0.8129800307219662,0.9646362964412833,0.0,0.0967741935483871,0.4375,0.7008547008547008,0.6701665144993697,0.537796167951078,0.0,0.0,0.7,1.0
FN,,0.3066964860095922,S1-126638291,S3-112465496,hicks williams white incorporated,hicks williams incorporated center,2138 wilson road unit b4 knoxville tn,2138 wilson road b4 knoxville tennessee,None,None,0.5,0.8059701492537313,0.9249554367201426,0.8503211886931183,0.0,0.029411764705882353,0.625,0.8421052631578947,0.9051849051849051,0.8491382347443369,0.0,0.0,0.8333333333333334,1.0
FN,,0.3089169001322265,S1-430428350,S2-629681850,dive development private limited,dive dévelopment private limited,akshay nr jagtaphospital anand ngr s road hingane kd pune city pune maharashtra,,None,None,0.3333333333333333,0.96875,0.9100806451612903,0.7561487802866238,0.0,0.0,0.0,0.0,0.0,0.0,0.0,0.0,0.0,1.0
FN,,0.3091638891187222,S1-443383960,S3-514737217,swar systems private limited,swar private limited services,24 gali no 6 bhawani nagar majitha road amritsar punjab,0024 gali no 6 bhawani nagar majitha road amritsar pb,None,None,0.5,0.7017543859649122,0.8446455343756692,0.6112128673199339,0.0,0.034482758620689655,0.6363636363636364,0.9444444444444444,0.9631789594053745,0.8384375915033097,0.0,0.0,0.7777777777777778,1.0
FN,,0.3126523691523296,S1-470776843,S3-85069780,yq precision incorporated,yq precisi0n incorporated www yqprecisi com,6329 wonder lane whitestown in,6329 wonder lane whiteston township indiana,None,None,0.16666666666666666,0.7058823529411764,0.8702945736434109,0.7489434812678827,0.0,0.4186046511627907,0.42857142857142855,0.821917808219178,0.9262015503875969,0.827738820828527,0.0,0.0,0.75,1.0
FN,,0.31271391201253507,S1-929729599,S3-331694343,vignesh micro private limited,vignesh micro prívate,kanti niketan new bus stand chhatauni near of sports club p o motihari p s chhatauni motihari east champaran bihar,kanti niketan new bus stand chhatauni near of sports club p o motihari p s chhatauni motihari east champaran br,None,None,0.6666666666666666,0.8,0.9284072249589491,0.8396186523483568,0.0,0.27586206896551724,0.8823529411764706,0.9866666666666667,0.9947368421052633,0.983197206402893,0.0,0.0,0.9375,1.0
FN,,0.31414342678608176,S1-472674635,S3-900634071,muskan marketing,muskan marketing company,140 11 om ng hakikat nagar jind haryana,h no 556 140 11 jind hr,None,None,1.0,0.8,0.9333333333333333,0.9200789468432347,1.0,0.3333333333333333,0.2727272727272727,0.4516129032258065,0.6274619100706057,0.40588562380612975,0.0,0.0,0.5,1.0
FN,,0.31615679541975167,S1-733371127,S3-539490541,seo trust,seo trust corporation,8832 town and country boulevard ellicott city md,8832 town and country boulevard ellicott city maryland,None,None,1.0,0.6,0.8857142857142858,0.8423593219310601,1.0,0.5714285714285714,0.75,0.9411764705882352,0.9777777777777777,0.9213420788310134,0.0,0.0,0.8571428571428571,1.0
FN,,0.31680800757960065,S1-616557249,S2-507718491,3404 third ave partners llc,3404 third ave,404 8th street unit 404 anton tx,,None,None,0.75,0.6829268292682926,0.9037037037037038,0.8992164617069416,0.0,0.48148148148148145,0.0,0.0,0.0,0.0,0.0,0.0,0.0,1.0
FN,,0.32320355438941845,S1-468272359,S3-600020142,dorothee roy ph d,dorotheeroyphd com,178 valley brook road agawam ma,78 valley brook road agawam massachusetts,None,None,0.0,0.8,0.9031372549019608,0.5680510238578111,0.0,0.05555555555555555,0.5,0.8333333333333335,0.8998164175190139,0.7381933882030622,0.0,0.0,0.6666666666666666,1.0
FN,,0.32674131334806406,S1-981924649,S3-259820583,jishnu textile limited,sri jishnu textile www jishnute com,plot no 53 rs no 530 cts no 4947 kulkarni layout ramteerth nagar kanabargi belgaum karnataka,no c 53 rs no 530 cts no 4947 kulkarni layout ramteerth nagar kanabargi belgaum ka,None,None,0.3333333333333333,0.631578947368421,0.6793574846206424,0.8032750539988258,0.0,0.37142857142857144,0.7333333333333333,0.9195402298850575,0.8120469650751257,0.953995405106542,0.0,0.0,0.8461538461538461,1.0
FN,,0.3271730779777661,S1-414190460,S2-79216544,suyog trading private limited,m s suyog private trading limited,bd 200 2 kamal park kolkata howrah west bengal,bd d 200 2 kamal park kolkata পশ চ মবঙ গ,None,None,0.5,0.6774193548387097,0.8446534308603274,0.9763460187192677,0.0,0.12121212121212122,0.42857142857142855,0.6976744186046511,0.667391304347826,0.6510508139657368,0.0,0.0,0.6666666666666666,1.0
FN,,0.327582699327258,S1-578353639,S3-947637879,new delhi leathers private limited,new delhi leathers limited services,709 58 sahyog building nehru place new delhi south delhi delhi,dl new delhi 709 58 south delhi,None,None,1.0,0.7536231884057972,0.9272377338031986,0.8615593334729059,1.0,0.02857142857142857,0.5,0.5161290322580645,0.6746384872080089,0.7030937635558187,0.0,0.0,0.8333333333333334,1.0
FN,,0.3282648082130837,S1-856896940,S3-266810409,superior paper p c,superior paper,eureka springs ar 15 river run road,0015 river run road eureka springs arkansas,None,None,0.5,0.875,0.9555555555555556,0.9678557568939447,0.0,0.2222222222222222,0.5555555555555556,0.4871794871794872,0.8046511627906977,0.8235130253047764,0.0,0.0,0.7142857142857143,1.0
FN,,0.32858177476232786,S1-269898915,S3-192723724,ncc contact of nanded,ncc contact,nagareshwer mandir road maulha hatai nanded maharashtra,nagareshwer madnir road maulha hatai regional office aurangabad nanded mh,None,None,0.6666666666666666,0.6875,0.9047619047619048,0.7932569035482686,0.0,0.47619047619047616,0.4166666666666667,0.703125,0.9046335855924897,0.665108188969171,0.0,0.0,0.7142857142857143,1.0
FN,,0.32968779838267165,S1-443897230,S3-654358010,cherin alfaro pinnacle healthcare,cherin alfaro pinnacle center,2313 camp david drive mesquite tx,2313 2315 camp david drive mesquite texas,None,None,0.6,0.8387096774193549,0.9485147036871174,0.8216938925055741,0.0,0.12121212121212122,0.625,0.8918918918918919,0.8821877309682188,0.8789918608876807,0.0,0.0,0.8333333333333334,1.0
FN,,0.3321207102793485,S1-98836255,S3-469721059,nydia odom d c p c care,nydia odom d c,1011 main street festus mo,1011 main street festuus missouri,None,None,0.6666666666666666,0.7567567567567568,0.9217391304347826,0.9279626263544589,0.0,0.391304347826087,0.42857142857142855,0.8813559322033897,0.9575757575757576,0.675026118013332,0.0,0.0,0.6,1.0
FN,,0.33862458026902564,S1-126638291,S3-795779377,hicks williams white incorporated,hicks and wicctgias white incorporated,2138 wilson road unit b4 knoxville tn,tennessee unit b4 knoxville 2138 wilson road,None,None,0.5,0.8450704225352113,0.8663795853269537,0.6402619648476202,0.0,0.13157894736842105,0.75,0.5185185185185186,0.6206282039615373,0.8939448408728783,0.0,0.0,0.8571428571428571,1.0
FN,,0.3394859345196671,S1-113946951,S3-270274320,massif clinic corporation,massif clinic clinic,ward no 8 h no 1585 5 sangali road ichalkaranji hatkanangle kolhapur maharashtra,ward no 8 null hatkanangle kolhapur mh,None,None,1.0,0.7555555555555555,0.906,0.8397461052260033,0.0,0.2,0.3076923076923077,0.6271186440677966,0.6949442863916548,0.6265657122299212,0.0,0.0,0.6666666666666666,1.0
FN,,0.3400599434321954,S1-938092819,S3-142479434,peon star metals lp,incorporated peon star metals,2930 33rd street indianapolis in,33rd street indianapolis indiana,None,None,0.75,0.6666666666666667,0.7078712105935336,0.8455028163664384,0.0,0.3448275862068966,0.6,0.84375,0.7600308641975309,0.8021654521315952,0.0,0.0,0.75,1.0
FN,,0.3400828267381438,S1-970668602,S3-668549929,hanu house group,dr hanu house,flat no 4 c yamunai jeevan bhima enclave rajasekaran street mylapore chennai tamil nadu,flat no 4 c yamunai jeevan bhima enclave rajasekaran street mylapore chennai pallavaram tn,None,None,0.6666666666666666,0.6896551724137931,0.6930361305361306,0.8397469551874681,0.0,0.1875,0.7333333333333333,0.9152542372881356,0.9726272577996716,0.8982889936433136,0.0,0.0,0.8461538461538461,1.0
FN,,0.3417027191726939,S1-984025934,S3-97838567,imojean boyd signature china incorporated,imojean boyd signature china incorporated id 93668,29w 270 forest avenue west chicago il,29w 270 forest avenue null west chicago illinois,None,None,0.6666666666666666,0.9010989010989011,0.964,0.8614517242339185,0.0,0.18,0.6666666666666666,0.8705882352941177,0.9163288288288289,0.8904060198994447,0.0,0.0,0.8571428571428571,1.0
FN,,0.34386184499817174,S1-462499569,S2-476887773,rojas lane llc,rojas llc services,413 bidwell avenue city of waukesha wi,41 bidwell avenue city of waukesha wi,None,None,0.5,0.5625,0.8430014430014431,0.7103609707234737,0.0,0.2222222222222222,0.7142857142857143,0.9866666666666667,0.992982456140351,0.935754307555875,0.0,0.0,0.8333333333333334,1.0
FN,,0.34460059220203143,S1-718634856,S2-201621406,jemimah cora do,cbbora jemimah dó,8516 bobcat drive show low az,show llow az 8516 bobcat drive,None,None,0.2,0.5625,0.7489190548014077,0.6691013789317605,0.0,0.11764705882352941,0.7142857142857143,0.576271186440678,0.7230842911877394,0.9397002180500583,0.0,0.0,0.8333333333333334,1.0
FN,,0.34557169939758164,S1-702367921,S3-62632381,1789 washington avenue realty incorporated,1789 washington avenue realty incorporated id 48683,117 mountain view drive bedford tx,117 mountain view drive bedford texas,None,None,0.6666666666666666,0.9032258064516128,0.9647058823529411,0.8551956931284209,0.0,0.17647058823529413,0.7142857142857143,0.9577464788732395,0.9837837837837837,0.9158326015317794,0.0,0.0,0.8333333333333334,1.0
FN,,0.34594516945571124,S1-40748805,S3-604872807,moyer leake and ulmer llc,moyer leake ulmer llc center,1959 harrison street paducah ky,1959 harrison street paducah ity kentucky,None,None,0.75,0.7924528301886792,0.9048074534161491,0.9344766117383694,0.0,0.10714285714285714,0.5714285714285714,0.8611111111111112,0.9447678992918961,0.853069674304064,0.0,0.0,0.8,1.0
FN,,0.348857858262341,S1-853515629,S2-650648581,flying group of companies,flying group of comnai,7 ganesh chandra avenuep s bowbazar kol calcutta west bengal,পশ চ মবঙ গ 7 ganesh chandra avenuep s bowbazar kol,None,None,0.3333333333333333,0.8936170212765957,0.9669090909090909,0.6868369248443387,0.0,0.12,0.5,0.7090909090909091,0.687936507936508,0.7361656053445148,0.0,0.0,0.7,1.0
FN,,0.3495317943171966,S1-398469911,S3-132247477,sushma india,shri sushma india company,c o beena kumari p sai s 2366923 paral road cly var po kuthuparamba kannur kerala,c o beena kumari p sai s 2366923 paral road cly var po kuthuparamba kannur kl,None,None,0.6666666666666666,0.6486486486486487,0.6877777777777778,0.8208989386079494,0.0,0.52,0.8823529411764706,0.9746835443037974,0.9901234567901235,0.96001758587482,0.0,0.0,0.9375,1.0
FN,,0.3508744659217357,S1-733371127,S3-209469104,seo trust,seo trust lp,8832 town and country boulevard ellicott city md,8832 town and country boulevard ellicott city maryland,None,None,0.6666666666666666,0.8571428571428572,0.95,0.9279467381019939,0.0,0.25,0.75,0.9411764705882352,0.9777777777777777,0.9213420788310134,0.0,0.0,0.8571428571428571,1.0
FN,,0.35337850587394065,S1-214436767,S3-228411825,keify premier machines llc,keify machines llc center,615 main street whitewater ks,615 main street whitewater kansas,None,None,0.5,0.7058823529411764,0.8815944055944056,0.8354839833893812,0.0,0.038461538461538464,0.6666666666666666,0.9354838709677421,0.9757575757575758,0.8696017374022481,0.0,0.0,0.8,1.0
FN,,0.35945371015181043,S1-957906203,S3-227447751,drayial irenic incorporated,drayial irenic,911 3rd street wa tacoma,,None,None,1.0,0.6829268292682926,0.9037037037037038,0.9199791105845813,1.0,0.48148148148148145,0.0,0.0,0.0,0.0,0.0,0.0,0.0,1.0
FN,,0.3616229951330547,S1-828114451,S2-232007917,halcola activate pc,halcola halcola activate,12 oriole lane north oaks mn,mn north oaks 12b oriole lane,None,None,0.6666666666666666,0.7441860465116279,0.8950292397660818,0.9051142448312408,0.0,0.20833333333333334,0.7142857142857143,0.49122807017543857,0.7117480220928497,0.8699724251787111,0.0,0.0,0.8333333333333334,1.0
FN,,0.36243760972558997,S1-923441413,S2-391425420,mundhra trading private limited,dr mundhra trading private,new no 27 chennai tamil nadu first floor abdul razack street saidapet,new no 27 first floor abdul razack street saidapet chennai தம ழ ந ட,None,None,0.6666666666666666,0.8070175438596492,0.7324234904880066,0.9215894346515977,0.0,0.16129032258064516,0.6,0.7352941176470589,0.8619399255596083,0.8769073985754557,0.0,0.0,0.8181818181818182,1.0
FN,,0.36679892415886506,S1-549463542,S3-60614408,star ligand llc,star ligand,105 munson road unit 114 swanton oh,10 munson road 114 swanton ohio,None,None,1.0,0.8461538461538461,0.9466666666666667,0.9551346225026629,1.0,0.26666666666666666,0.4444444444444444,0.8787878787878788,0.8999692780337942,0.8224400485963365,0.0,0.0,0.6666666666666666,1.0
FN,,0.36762442568785014,S1-602615224,S3-666790504,bhola ventures llp,bhola ventures l l p,3 madina building compoundground floor opp saba guest house saboosiddik road mumbai mumbai city maharashtra,,None,None,0.4,0.9473684210526316,0.98,0.875932397049497,0.0,0.1,0.0,0.0,0.0,0.0,0.0,0.0,0.0,1.0
FN,,0.3683821939841156,S1-455872239,S3-841930615,rinker armada llc,rinker ármada l l c,1536 kennedy drive city of green bay wi,1536 kennedy drive city of green bay wisconsin,None,None,0.2,0.8888888888888888,0.931656346749226,0.7251618277852578,0.0,0.10526315789473684,0.75,0.9176470588235294,0.9695652173913043,0.8703005244091992,0.0,0.0,0.8571428571428571,1.0
FN,,0.3750540859518379,S1-472695874,S3-262277726,ns organics private limited,shri ns organics limited services,plot no 737 p jayadev vihar nayapalli bhubaneswar puri orissa,door no 737 p jayadev vihar nayapalli bhubaneswar puri od,None,None,0.6666666666666666,0.6333333333333333,0.7192760942760943,0.7736577118073141,0.0,0.18181818181818182,0.6363636363636364,0.8983050847457628,0.8763035396627573,0.8843301833807443,0.0,0.0,0.7777777777777778,1.0
FN,,0.3753800132427889,S1-650657463,S3-90974575,3054 jefferson place owners corporation incorporated,the 3054 jefferson place owners corporation incorporated,1022 almaden street eugene or,,None,None,1.0,0.962962962962963,0.815934065934066,0.9793462769467163,0.0,0.07142857142857142,0.0,0.0,0.0,0.0,0.0,0.0,0.0,1.0
FN,,0.37583781449307985,S1-975869163,S3-656006972,335 main ave company pc,335 main company pc center,337 old pinson road jackson tn,337 old pinsno road jackson tennessee,None,None,0.6,0.7755102040816326,0.8870043000477783,0.8722729755807931,0.0,0.11538461538461539,0.5,0.8656716417910448,0.9554954954954956,0.7412956856716939,0.0,0.0,0.6666666666666666,1.0
FN,,0.3801059233722386,S1-924354290,S2-93434557,vidhi management company,vidhi manaegmnt company 9405378478,off 106b w street p cts n66 f p p n16 mg road opp elora h borivlai east mumbai maharashtra,block g 374 off 106b w street p cts n66 f p p n16 mg road opp elora h borivlai east maharashtra,None,None,0.25,0.7586206896551724,0.9182651321398124,0.42354629542386435,0.0,0.29411764705882354,0.8095238095238095,0.8972972972972972,0.7973741543400985,0.9209459851703697,0.0,0.0,0.9444444444444444,1.0
FN,,0.3827440379316489,S1-602615224,S3-277113970,bhola ventures llp,bhola ventures,3 madina building compoundground floor opp saba guest house saboosiddik road mumbai mumbai city maharashtra,door no 3 madina building compoundground floor opp saba guest house saboosiddik road mumbai mumbai city मह र ष ट र,None,None,0.6666666666666666,0.875,0.9555555555555556,0.9335925274596779,0.0,0.2222222222222222,0.6842105263157895,0.8687782805429864,0.7610641483111703,0.927917966250493,0.0,0.0,0.9285714285714286,1.0
FN,,0.38410730678659577,S1-109396190,S3-791205322,raleigh direct sunshine corporation,raleigh sunshine corporation service,119 59th street seattle wa,119 59th street seattle washington,None,None,0.5,0.7887323943661972,0.8991774891774892,0.8298927508993653,0.0,0.027777777777777776,0.6666666666666666,0.8666666666666667,0.9529411764705882,0.8639678049710416,0.0,0.0,0.8,1.0
FN,,0.3860407078950867,S1-896279535,S2-379434396,kreative services private limited,kreative services private limited 2005995764,p no 119 saswati nagar dist shohping center jodhpur rajasthan,p no 119 saswati nagar dist shohping center jodhpur र जस थ न,None,None,0.5,0.8571428571428572,0.95,0.6213267905768257,0.0,0.25,0.6153846153846154,0.859504132231405,0.9438251366120218,0.852815193129844,0.0,0.0,0.8888888888888888,1.0
FN,,0.38618741052141015,S1-723666298,S2-701990556,v 5 d collective,v 5,2651 creekwood circle unit 9 moraine oh,2651 creekwood cir moraine oh,None,None,0.5,0.3157894736842105,0.8104166666666667,0.49962200937324597,0.0,0.8125,0.5,0.8529411764705883,0.9211317418213969,0.8761176688744959,0.0,0.0,0.8,1.0
FN,,0.38631341479380543,S1-29692428,S3-288648901,milly ramirez keycorp llc,milly ramirez www millyrami com,2580 4th avenue town of farmington wi,2580 2584 4th avenue town of farmington wisconsin,None,None,0.3333333333333333,0.6428571428571428,0.8749124423963133,0.605065498953938,0.0,0.1935483870967742,0.625,0.8604651162790699,0.8753447324875896,0.8111967090704212,0.0,0.0,0.8333333333333334,1.0
FN,,0.39168349233570743,S1-258423083,S3-874229733,priya services limited,smt priya services,flat no 20 prabhat resi gandhi nagar rukhmini ngr amravati maharashtra,20 prabhat resi gandhi nagar rukhmini ngr amravati mh,None,None,0.5,0.7,0.6828282828282828,0.8193439203164512,0.0,0.18181818181818182,0.7272727272727273,0.8617886178861789,0.7743935309973046,0.9181497261005789,0.0,0.0,0.8888888888888888,1.0
FN,,0.3994781599092614,S1-548791759,S3-470839242,goshen pediatric dental care associates,goshen pediatric dental care associates corporation 6063211593,1 hampton hills drive goshen ny,1 hampton hills drive goshen new york,None,None,0.8333333333333334,0.7722772277227723,0.9258064516129032,0.715999189315942,0.0,0.3709677419354839,0.625,0.9117647058823529,0.9675675675675676,0.896733304528137,0.0,0.0,0.8333333333333334,1.0
FN,,0.4003850484298951,S1-73335105,S3-104793969,devansh star private limited,devansh star limited center,d no 25 16 222 a anjani industries g t road guntur krishna andhra pradesh,door no 25 16 222 a anjani industries g t road guntu krishna ఆ ధ రప రద శ,None,None,0.6666666666666666,0.7272727272727273,0.9075396825396825,0.8699884837149195,0.0,0.03571428571428571,0.45,0.8137931034482758,0.7915753424657533,0.721798735722451,0.0,0.0,0.6923076923076923,1.0
FN,,0.40381105532638606,S1-155840225,S3-430146803,exports saru services limited,exports saru services,c o ombeer singh suthyana greater noida gautam budh nagar noida gautam buddha nagar uttar pradesh,hn 311 c o ombeer singh gautam buddha nagar up,None,None,1.0,0.84,0.9448275862068966,0.9589101540849817,1.0,0.27586206896551724,0.4375,0.5454545454545454,0.6531589755350088,0.6516478026145094,0.0,0.0,0.7,1.0
FN,,0.40668486391617054,S1-749067273,S3-185086847,industries vardan fresh limited,industries vardan fresh limited,705 ansal vikas deep building laxmi nagar district centre vikas marg delhi east delhi delhi,no 305 705 delhi null dl,None,None,1.0,1.0,1.0,1.0,1.0,0.0,0.13333333333333333,0.26086956521739135,0.5196377696377696,0.33668325331545046,0.0,0.0,0.4,1.0
FN,,0.40685310427864896,S1-536922323,S2-877390437,felindyne trust llc,felindyne trboonct llc,2233 highland avenue az phoenix unit 134,2233 highland avenue phoenix cdp az,None,None,0.3333333333333333,0.8292682926829268,0.9099634112018012,0.6119749363885602,0.0,0.13636363636363635,0.625,0.8,0.911607142857143,0.8537612763430312,0.0,0.0,0.8333333333333334,1.0
FN,,0.40739386377338954,S1-3956614,S2-826534151,bone matti d o,the bone mátti d o,654 robley lane mayfield oh,cleveland 654 robley lane oh,None,None,0.6,0.8125,0.7297517297517296,0.5928660171888377,0.0,0.2222222222222222,0.6666666666666666,0.6545454545454545,0.7304793971460638,0.6628335300614827,0.0,0.0,0.8,1.0
FN,,0.40740473579033204,S1-623762053,S3-158851482,services hcm jewels private limited,limited services hcm jewels services,plot no 2224 2225 kalpana area bhubaneswar khordha orissa,plot no 2224 2225 kalpana area khordha bhubaneswar od,None,None,1.0,0.676056338028169,0.7286170406860061,0.9140773346576447,1.0,0.027777777777777776,0.7777777777777778,0.8181818181818181,0.9440671708298322,0.928974409628612,0.0,0.0,0.875,1.0
FN,,0.41217506803754944,S1-614013818,S3-303939088,salvo home improvements,salvo home,924 lynchburg drive nc jacksonville,924 lynchburg drive jacsonville north carolina,None,None,0.6666666666666666,0.6060606060606061,0.8869565217391304,0.6864697591065761,0.0,0.5652173913043478,0.375,0.7654320987654322,0.9009353306540007,0.7785385754892992,0.0,0.0,0.6,1.0
FN,,0.41481812646976396,S1-551897263,S3-703809258,monette youth federation associates,monette youth federation associates corporation,56 craighead 518 road monette ar,craighead 518 road moneette arkansas,None,None,1.0,0.8536585365853658,0.948936170212766,0.9444434576549587,1.0,0.2553191489361702,0.375,0.8529411764705883,0.7660041507024266,0.7599761418077255,0.0,0.0,0.6,1.0
FN,,0.4151582969917669,S1-77242710,S3-368456951,venevue johnson pllc,venevue johnson,411 annaberg lane monroe nc,411 1 2 annaberg lane monroe north carolina,None,None,0.6666666666666666,0.8571428571428572,0.95,0.9347636048625593,0.0,0.25,0.4444444444444444,0.7714285714285716,0.8515073212747631,0.8558730128167776,0.0,0.0,0.8,1.0
FN,,0.4192871751267311,S1-29692428,S3-291962284,milly ramirez keycorp llc,milly ramirez keycorp,2580 4th avenue town of farmington wi,2580 2584 fourth avenue town of farmington wisconsin,None,None,1.0,0.9130434782608696,0.968,0.9810849380203711,1.0,0.16,0.4444444444444444,0.8314606741573034,0.8666320166320166,0.7268530719950093,0.0,0.0,0.6666666666666666,1.0
FN,,0.4233536049332017,S1-29692428,S2-284974327,milly ramirez keycorp llc,milly ramirez keycorp,2580 4th avenue town of farmington wi,2580 fourth avenue osceola wi,None,None,1.0,0.9130434782608696,0.968,0.9810849380203711,1.0,0.16,0.375,0.6363636363636364,0.6889663276469872,0.4096541191339278,0.0,0.0,0.6,1.0
FN,,0.42466121423564657,S1-414371382,S2-397525808,mnm trading limited,sri mnm tag limited 2944138780,building 5 3d flat no 13 new ajanta avenue society kothrud pune maharashtra,building 5 3d flat no 13 new ajanta avenue society kothrud pune maharashtra,None,None,0.2,0.6122448979591837,0.6636050911592707,0.3791795411109877,0.0,0.36666666666666664,1.0,1.0,1.0,1.0000000000000002,0.0,0.0,1.0,1.0
FN,,0.4250439576911363,S1-944986698,S3-406492738,fitz land,fitz land llc,1505 hillsborough street unit 286 raleigh nc,1505 hillsborough strbet raleigh north carolina,None,None,1.0,0.8181818181818181,0.9384615384615385,0.9528627107596548,1.0,0.3076923076923077,0.3,0.7472527472527473,0.8923241372289524,0.7266607057527733,0.0,0.0,0.5,1.0
FN,,0.4256771551312181,S1-448653123,S2-321553383,hannon energy group,hannon energy llc,tx 2908 street charles drive mansfield,2908 saint charles drive mansfield tx,None,None,1.0,0.7777777777777779,0.9120743034055727,0.8697842034180128,1.0,0.10526315789473684,0.7142857142857143,0.8266666666666667,0.7460733760075865,0.9157519512462817,0.0,0.0,0.8333333333333334,1.0
FN,,0.4266322156333905,S1-471448906,S3-334327920,todaro empire parts,todaro empire,63 fletcher street unit 2d lowell ma,massachusetts lowell 63 fletcher street unit 2d,None,None,0.6666666666666666,0.8125,0.9368421052631579,0.9161999478689264,0.0,0.3157894736842105,0.75,0.6265060240963856,0.7324201548231586,0.854052485062664,0.0,0.0,0.8571428571428571,1.0
FN,,0.42870105230225886,S1-115578314,S2-555685867,binod trading limited,binod trading limited,e 5 ground floor tower e paramount golf foreste zeta 1 greater noida gautam buddha nagar uttar pradesh,,None,None,1.0,1.0,1.0,0.9999999999999999,1.0,0.0,0.0,0.0,0.0,0.0,0.0,0.0,0.0,1.0
FN,,0.42870105230225886,S1-768558896,S2-267339500,advika clinic private limited,advika clinic private limited,flat no a 404 celesta iggaluru village bangalore south bangalore karnataka,,None,None,1.0,1.0,1.0,0.9999999999999999,1.0,0.0,0.0,0.0,0.0,0.0,0.0,0.0,0.0,1.0
FN,,0.42870105230225886,S1-965347336,S3-502583744,g x travel,g x travel,2621 vermont view drive colonie ny,,None,None,1.0,1.0,1.0,1.0,1.0,0.0,0.0,0.0,0.0,0.0,0.0,0.0,0.0,1.0
FN,,0.42870105230225886,S1-881023547,S3-446379890,kestan pattana incorporated,kestan pattana incorporated,8333 park vista circle charlotte nc,,None,None,1.0,1.0,1.0,1.0,1.0,0.0,0.0,0.0,0.0,0.0,0.0,0.0,0.0,1.0
FN,,0.42870105230225886,S1-568352323,S2-302140231,schuler capital douglas llc,schuler capital douglas llc,255 lost springs terrace unit 201 beaverton or,,None,None,1.0,1.0,1.0,1.0000000000000002,1.0,0.0,0.0,0.0,0.0,0.0,0.0,0.0,0.0,1.0
FN,,0.42870105230225886,S1-320133494,S3-169074849,cft arts incorporated,cft arts incorporated,tx fort worth 9763 north freeway,,None,None,1.0,1.0,1.0,1.0000000000000004,1.0,0.0,0.0,0.0,0.0,0.0,0.0,0.0,0.0,1.0
FN,,0.42870105230225886,S1-472872032,S3-292287572,zeus sons private limited,zeus sons private limited,116 a silicon city opp emerald ht school po at rajendra nagar ab road indore madhya pradesh,,None,None,1.0,1.0,1.0,0.9999999999999994,1.0,0.0,0.0,0.0,0.0,0.0,0.0,0.0,0.0,1.0
FN,,0.42870105230225886,S1-390872819,S3-748335272,sakhi welfare society,sakhi welfare society,8 2 5 to 12 ravula residency srinagar colony punjagutta hyderabad telangana,,None,None,1.0,1.0,1.0,1.0000000000000002,1.0,0.0,0.0,0.0,0.0,0.0,0.0,0.0,0.0,1.0
FN,,0.42870105230225886,S1-852416933,S2-867117926,spear rmg,spear rmg,2856 spring place road cleveland tn,,None,None,1.0,1.0,1.0,0.9999999999999998,1.0,0.0,0.0,0.0,0.0,0.0,0.0,0.0,0.0,1.0
FN,,0.42870105230225886,S1-430428350,S3-746869910,dive development private limited,dive development private limited,akshay nr jagtaphospital anand ngr s road hingane kd pune city pune maharashtra,,None,None,1.0,1.0,1.0,1.0,1.0,0.0,0.0,0.0,0.0,0.0,0.0,0.0,0.0,1.0
FN,,0.42870105230225886,S1-548405427,S2-8643122,101 galata,101 galata,ut 1034 albion meadow way bluffdale sl co,,None,None,1.0,1.0,1.0,1.0,1.0,0.0,0.0,0.0,0.0,0.0,0.0,0.0,0.0,1.0
FN,,0.42870105230225886,S1-626976426,S3-31466193,fulcher ncr incorporated,fulcher ncr incorporated,19 polk way poestenkill ny,,None,None,1.0,1.0,1.0,1.0000000000000004,1.0,0.0,0.0,0.0,0.0,0.0,0.0,0.0,0.0,1.0
FN,,0.42870105230225886,S1-359389192,S3-745065773,south gulf altisource,south gulf altisource,421 armory street trenton tn,,None,None,1.0,1.0,1.0,1.0,1.0,0.0,0.0,0.0,0.0,0.0,0.0,0.0,0.0,1.0
FN,,0.42870105230225886,S1-126638291,S3-477778834,hicks williams white incorporated,hicks williams white incorporated,2138 wilson road unit b4 knoxville tn,,None,None,1.0,1.0,1.0,1.0000000000000004,1.0,0.0,0.0,0.0,0.0,0.0,0.0,0.0,0.0,1.0
FN,,0.42870105230225886,S1-661675873,S2-451440712,stetter jimenez spade incorporated,stetter jimenez spade incorporated,1430 woodline drive building 22853 marysville oh,,22853,None,1.0,1.0,1.0,1.0000000000000002,1.0,0.0,0.0,0.0,0.0,0.0,0.0,0.0,0.0,1.0
FN,,0.42870105230225886,S1-41154520,S2-627238111,kolkata solutions,kolkata solutions,46 2 sarat ghosh garden road kolkata howrah west bengal,,None,None,1.0,1.0,1.0,1.0000000000000004,1.0,0.0,0.0,0.0,0.0,0.0,0.0,0.0,0.0,1.0
FN,,0.42870105230225886,S1-421435439,S2-533978208,valdez pyrophyte llc,valdez pyrophyte llc,1900 kittrell drive ocean isle beach nc,,None,None,1.0,1.0,1.0,0.9999999999999998,1.0,0.0,0.0,0.0,0.0,0.0,0.0,0.0,0.0,1.0
FN,,0.42870105230225886,S1-873153228,S3-126979752,barrows crystal jackson,barrows crystal jackson,3712 117th street alsip il,,None,None,1.0,1.0,1.0,0.9999999999999999,1.0,0.0,0.0,0.0,0.0,0.0,0.0,0.0,0.0,1.0
FN,,0.42870105230225886,S1-970422184,S3-538157355,janhvi trading private limited,janhvi trading private limited,devam complex and industrial park godown no 26 ahmedabad dholka gujarat,,None,None,1.0,1.0,1.0,0.9999999999999999,1.0,0.0,0.0,0.0,0.0,0.0,0.0,0.0,0.0,1.0
FN,,0.42870105230225886,S1-447639119,S2-900562499,he shetkari private limited,he shetkari private limited,tc 1 2256 kazhakkoottam village thiruvananthapuram trivandrum kerala,,None,None,1.0,1.0,1.0,1.0000000000000002,1.0,0.0,0.0,0.0,0.0,0.0,0.0,0.0,0.0,1.0
FN,,0.42870105230225886,S1-455872239,S3-955991873,rinker armada llc,rinker armada llc,1536 kennedy drive city of green bay wi,,None,None,1.0,1.0,1.0,0.9999999999999997,1.0,0.0,0.0,0.0,0.0,0.0,0.0,0.0,0.0,1.0
FN,,0.42870105230225886,S1-28196969,S3-989565686,orbyx healthcare llc,orbyx healthcare llc,6000 mercier boulevard unit apartment 144 farmington ny,,None,None,1.0,1.0,1.0,1.0000000000000002,1.0,0.0,0.0,0.0,0.0,0.0,0.0,0.0,0.0,1.0
FN,,0.428836753587462,S1-228398068,S3-841336357,estates educational society,estates society center,survey no 4784 a1 c 2 shop no 07 and 18 2nd floor pride icon gokul road hubli dharwad dharwar karnataka,h no 4784 a1 c 2 shop no 07 and 18 2nd floor pride icon gokul road hubli dharwad dharwar ka,None,None,0.5,0.6122448979591837,0.8899663299663298,0.6923470146456356,0.0,0.18518518518518517,0.8,0.9278350515463917,0.7987102433704375,0.9256199978656128,0.0,0.0,0.8888888888888888,1.0
FN,,0.42912307901570856,S1-253227957,S3-335967923,indraprastha global,indraprastha global,714 a tamil nadu 7th floor mount road anna salai chennai,chennai tn madras 477 714 a,None,None,1.0,1.0,1.0,1.0000000000000002,1.0,0.0,0.15384615384615385,0.28915662650602414,0.614678531345198,0.3931307950146266,0.0,0.0,0.4,1.0
FN,,0.43000229016742403,S1-204218779,S2-713794011,nunn music llc,nunn músic l l c,201 main street city of elroy wi,201 main street pmb 450 elroy wi,None,None,0.2,0.8666666666666667,0.9482142857142858,0.5038178266495875,0.0,0.125,0.625,0.8125,0.8865384615384615,0.7799463937757262,0.0,0.0,0.8333333333333334,1.0
FN,,0.43079731804697874,S1-951832034,S3-402101530,markham and bacchus,markham and bacchus service,181 arnold gamble circle sacramento ca,30 arnold gamble cir sacramento california,None,None,0.6666666666666666,0.826086956521739,0.9407407407407408,0.9392505392817226,0.0,0.2962962962962963,0.3333333333333333,0.8,0.8140047087415508,0.7492497696348852,0.0,0.0,0.5,1.0
FN,,0.4308787756783381,S1-728087785,S3-289070966,huston lefebvre oneim llc,huston lefebvre oneim,892 north avenue ga atlanta,892 north avenue atl georgia,None,None,1.0,0.9130434782608696,0.968,0.9872984828910877,1.0,0.16,0.42857142857142855,0.7636363636363638,0.9085691281343454,0.5897047123316563,0.0,0.0,0.6,1.0
FN,,0.43431977200108857,S1-468272359,S2-930928373,dorothee roy ph d,dorothee roy ph d llc,178 valley brook road agawam ma,,None,None,1.0,0.8947368421052632,0.9619047619047618,0.9758121621351952,1.0,0.19047619047619047,0.0,0.0,0.0,0.0,0.0,0.0,0.0,1.0
FN,,0.434877882418785,S1-468461684,S2-429045520,quantify hovnanian,quantify hóvnanian llc,742 second street west brooklyn il,742 2nd street west brooklyn il,None,None,0.3333333333333333,0.85,0.9434343434343434,0.8089301027786455,0.0,0.18181818181818182,0.7142857142857143,0.923076923076923,0.9100189753320683,0.8545705876355542,0.0,0.0,0.8333333333333334,1.0
FN,,0.43654565061916034,S1-486380508,S3-206546943,chesney meridian lp,chesney lp center,505 harvest hills drive woodbine ia,05 harvest hills drive woodbine iowa,None,None,0.5,0.5555555555555556,0.8508255933952529,0.7357093109722638,0.0,0.10526315789473684,0.5,0.9577464788732395,0.9621537503890445,0.8397518241563827,0.0,0.0,0.6666666666666666,1.0
FN,,0.4389670283287033,S1-741207444,S3-69796274,mas to private limited,shri mas to private limited,ground floor dadar east mumbai mumbai city maharashtra plot 209 latif building drive babasaheb ambedkar road shindewadi,ground floro plot 209 latif building drive babasaheb ambedkar road shindewadi mumbai city dadar east mumbai mh,None,None,0.5,0.8979591836734694,0.8170594837261503,0.8445456256019593,0.0,0.18518518518518517,0.7777777777777778,0.6637554585152838,0.8951365633826509,0.9399429701875938,0.0,0.0,0.875,1.0
FN,,0.4390376927699032,S1-905106256,S3-235644811,krista windom cea llc,krista windom cea,1400 westinghouse road unit 3211 georgetown tx,140 westinghouse road 3211 georgetown texas,None,None,1.0,0.8947368421052632,0.9619047619047618,0.9758985497232829,1.0,0.19047619047619047,0.4444444444444444,0.898876404494382,0.9066194809571958,0.8603637006440349,0.0,0.0,0.6666666666666666,1.0
FN,,0.4414462304510436,S1-73335105,S3-249551468,devansh star private limited,devansh star private id 41002,d no 25 16 222 a anjani industries g t road guntur krishna andhra pradesh,ap no 25 16 222 a krishna anjani industries g t road guntu,None,None,0.5,0.8070175438596492,0.9229064039408866,0.6447566064948221,0.0,0.034482758620689655,0.6,0.7328244274809159,0.8159303549378879,0.8464959961419626,0.0,0.0,0.8181818181818182,1.0
FN,,0.4418943298574817,S1-564930729,S3-422179121,isc consultants private limited,isc consultants private,village baghakol post patut ps bikram patna patna bihar,br patna door no b3 277 village baghakol,None,None,1.0,0.8518518518518519,0.9483870967741936,0.9579881266386244,1.0,0.25806451612903225,0.25,0.33684210526315794,0.6095959595959596,0.5576785642659162,0.0,0.0,0.42857142857142855,1.0
FN,,0.4433575020771649,S1-104386090,S3-638742530,smart greenland partners,smart greenland service,pulaski county 3599 lake ridge drive va,2599 lake ridge drive pulaski county virginia,None,None,0.5,0.7659574468085107,0.9130244088482075,0.7988476571802391,0.0,0.041666666666666664,0.5555555555555556,0.5476190476190477,0.6786324786324786,0.7831348088323222,0.0,0.0,0.7142857142857143,1.0
FN,,0.4438955296269076,S1-369198632,S3-469240895,federman chimera associates,federman chimera center,charlotte 9214 arbor creek drive nc,9214 arbor creek drive charlotte north carolina,None,None,0.5,0.8,0.9120611916264091,0.7953526968074306,0.0,0.14814814814814814,0.625,0.6097560975609756,0.7296289260385005,0.8741874676513653,0.0,0.0,0.8333333333333334,1.0
FN,,0.44404963956527943,S1-113946951,S3-865998876,massif clinic corporation,massif corporation services,ward no 8 h no 1585 5 sangali road ichalkaranji hatkanangle kolhapur maharashtra,ward no 8 null hatkanangle kolhapur mh,None,None,0.5,0.6923076923076923,0.8664126984126984,0.7736346040000828,0.0,0.07407407407407407,0.3076923076923077,0.6271186440677966,0.6949442863916548,0.6265657122299212,0.0,0.0,0.6666666666666666,1.0
FN,,0.44421485921757586,S1-164615504,S3-852534575,v i r generation llc,v í r generation llc 1121692721,6541 willowhollow lane cincinnati oh,6541 willowhollow lane cincinnati ohio,None,None,0.5,0.7450980392156863,0.8132654216185625,0.47154781213770547,0.0,0.3548387096774194,0.6666666666666666,0.972972972972973,0.9894736842105263,0.9662062770620446,0.0,0.0,0.8,1.0
FN,,0.4445154131074963,S1-24305973,S2-785078102,wheatley bright laboratories llc,wheatley bright llc center,2809 johnson street hopewell city va,2809 johnson saint hopewell va,None,None,0.5,0.6551724137931035,0.8945861204013378,0.7558981341058009,0.0,0.1875,0.5714285714285714,0.8181818181818181,0.9065079365079365,0.8939251766517176,0.0,0.0,0.8,1.0
FN,,0.44467861485888976,S1-928144773,S2-54316203,spears crews,spears crews 21747,hixson tn 420 sevier street,sevier saint hixson tn,None,None,0.6666666666666666,0.8,0.9333333333333333,0.7531791092592943,0.0,0.3333333333333333,0.5,0.40816326530612246,0.562591729258396,0.833234676860097,0.0,0.0,0.75,1.0
FN,,0.4449921520535139,S1-896279535,S2-690343607,kreative services private limited,kreative limited private services services,p no 119 saswati nagar dist shohping center jodhpur rajasthan,p no 119 sasoati nagar dist shohping center jodhpur र जस थ न,None,None,1.0,0.6133333333333333,0.8904761904761904,0.944588427347592,1.0,0.21428571428571427,0.5,0.8429752066115702,0.8744680167148827,0.7310841722141629,0.0,0.0,0.7777777777777778,1.0
FN,,0.44827696981180276,S1-257203049,S2-767520332,rio sangh,shri rio sangh corporation,flat no 09 rukhmini appt chetna nagar opposite chobe hospital aurangabad maharashtra,door no 9 rukhmini appt chetna nagar opposite chobe hospital aurangabad maharashtra,None,None,0.6666666666666666,0.5142857142857142,0.6339031339031339,0.7528646838260947,0.0,0.6538461538461539,0.6923076923076923,0.9461077844311377,0.8121957389534025,0.95273905121997,0.0,0.0,0.8181818181818182,1.0
FN,,0.4499548605449482,S1-873153228,S3-921122079,barrows crystal jackson,barrows crystal jackson llc,3712 117th street alsip il,,None,None,1.0,0.92,0.9703703703703704,0.9821055212253131,1.0,0.14814814814814814,0.0,0.0,0.0,0.0,0.0,0.0,0.0,1.0
FP,,0.9997301696935442,S1-942590387,S2-790156322,brightium robinhood llc,brightiem robdhood llc,33269 190th street 22 ia,22 33269 190th street ia,33269,33269,0.0,0.8888888888888888,0.9457312252964426,0.47586378721870265,0.0,0.043478260869565216,1.0,0.875,0.8080808080808081,1.0,1.0,1.0,1.0,1.0
FP,,0.9957556398995268,S1-43179162,S2-301141271,sb highland mines llc,sbf híghland mines,25990 cedar valley road natrona wy,25990 cedar valley road natrona wy,25990,25990,0.2,0.8205128205128205,0.9068783068783068,0.5084253931111757,0.0,0.14285714285714285,1.0,1.0,1.0,1.0000000000000002,1.0,1.0,1.0,1.0
FP,,0.9928445677932687,S1-988034975,S3-637970058,sturgill s great management,sturgill s great industries,8708 whistling straits way knoxville tn,8719 1 2 whistling straits way knoxville tennessee,None,None,0.6,0.7037037037037037,0.8862962962962962,0.6730109367848713,0.0,0.0,0.4,0.8314606741573034,0.8088833448833449,0.7800096540624605,0.0,0.0,0.6666666666666666,1.0
FP,,0.9881917537856749,S1-321682775,S3-484878247,ro infra newdelhi,so infra newdelhi,newdelhi delhi 4th floor zakir nagar okhla b 655 12 new delhi,b 655 21 4th floor zakir nagar okhla newdelhi new delhi dl,None,None,0.5,0.9411764705882352,0.8982843137254902,0.8707935010878896,0.0,0.0,0.7692307692307693,0.6722689075630253,0.7395460398216191,0.9453607021253452,0.0,0.0,0.9090909090909091,1.0
FP,,0.9878735215803326,S1-934221465,S3-210819361,la polytechnic private limited,la solutions private limited,1 construction housewalchand hirachand mart ballard estate mumbai maharashtra,4 construction housewalchand hirachand mart ballard estate mumbai mh,None,None,0.5,0.7931034482758621,0.8227777777777778,0.39289756565369516,0.0,0.06666666666666667,0.6363636363636364,0.9241379310344827,0.9518079959256429,0.9444003655412007,0.0,0.0,0.7777777777777778,1.0
FP,,0.9871102316331724,S1-65318779,S3-475295213,koga fuse incorporated,koga fuse incorporated,4895 389 road stuart ok,4908 389 road stuart oklahoma,None,None,1.0,1.0,1.0,1.0000000000000004,1.0,0.0,0.42857142857142855,0.8076923076923077,0.9009063649993185,0.569259285413398,0.0,0.0,0.6,1.0
FP,,0.9839650072467524,S1-183145941,S2-104456131,barker health center incorporated,incorporated barker health center,richmond heights oh 488 pierson drive,490 pierson drive cleveland oh,None,None,1.0,0.6060606060606061,0.7561327561327561,1.0000000000000002,1.0,0.0,0.375,0.44776119402985076,0.5971256971256972,0.4401123425297327,0.0,0.0,0.6,1.0
FP,,0.9812151426108864,S1-43171728,S2-96601162,bangalore steels private limited,bangalore msaets private limited,bangalore 6th block 22nd cross jayanagar bangalore 186 karnataka,karnataka t303 suraj ganga arcade no 332 7 14th cross 2nd block jayanagar bangalore,None,None,0.3333333333333333,0.90625,0.9216666666666666,0.5915295349667783,0.0,0.0,0.3125,0.5034013605442177,0.6951376936316694,0.6056068263118822,0.0,0.0,0.625,1.0
FP,,0.9801996486392281,S1-496802315,S3-996927422,phase v dlf city projects private limited,phase v dlf cíty textiles private limited,haryana the summit sub 123 phase v dlf city gurgaon,sub 127 the summit phase v dlf city gurgaon हर य ण,None,None,0.42857142857142855,0.8536585365853658,0.8956639566395663,0.5718792678680668,0.0,0.0,0.5384615384615384,0.7128712871287128,0.7460069919440645,0.8038106201950629,0.0,0.0,0.7777777777777778,1.0
FP,,0.9780152742286186,S1-984025934,S2-698946321,imojean boyd signature china incorporated,imojean boyd signature fashion incorporated,29w 270 forest avenue west chicago il,29w 273a forest avenue il west chicago,None,None,0.6,0.9285714285714286,0.9661684628474191,0.8506440651188547,0.0,0.046511627906976744,0.75,0.88,0.9007349454717877,0.8559454409661379,0.0,0.0,0.8571428571428571,1.0
FP,,0.9750775255194924,S1-292161838,S3-342571741,mcneill medical incorporated,mcneill medical west incorporated,oh cincinnati 4824 paddock road,004826 paddock road cincinnati ohio,None,004826,0.6666666666666666,0.9180327868852458,0.933982683982684,0.9347023186195563,0.0,0.15151515151515152,0.5,0.48484848484848486,0.6938556067588326,0.7401550580844853,0.0,0.0,0.75,1.0
FP,,0.9740880866674038,S1-338864090,S2-652404343,rebman brant schmidt pllc,rebman brant schmidt west,735 20th avenue unit 4 coralville ia,756 20th avenue coralville ia,None,None,0.6,0.84,0.9359999999999999,0.9076758854012182,0.0,0.0,0.5,0.8615384615384616,0.858702791461412,0.7626233756056463,0.0,0.0,0.8,1.0
FP,,0.9714400075049625,S1-549815345,S3-374745003,virgina yang ridge,timm yang ridge lp,6641 artesian avenue chicago il,6641 1 2 artesian avenue chicago illinois,None,None,0.4,0.6666666666666667,0.6666666666666666,0.533982312030985,0.0,0.0,0.5,0.8611111111111112,0.8738001573564123,0.9050707425851408,0.0,0.0,0.8,1.0
FP,,0.9711148897271499,S1-218248619,S2-823466794,dholakia exports limited,dholakia exports private limited,19 4 7 b 8 1 chandrayangutta falaknuma charminar hyderabad telangana,19 4 7 b 8 4 chandrayangutta falaknuma charminar telangana,None,None,1.0,0.8571428571428572,0.925,0.9658338287884404,1.0,0.25,0.8181818181818182,0.9047619047619048,0.9501636952421623,0.94232452039047,0.0,0.0,1.0,1.0
FP,,0.9691298675222484,S1-124664286,S3-411405495,hayathnagar india private limited,hayathnagar india private limited,flat no 512 b a metro heights mamatha nag hayathnagar hyderabad telangana,hayathnagar hyderabad tg h no 003 9 468 201,None,None,1.0,1.0,1.0,1.0,1.0,0.0,0.125,0.43103448275862066,0.5754109760316791,0.4613690068003352,0.0,0.0,0.25,1.0
FP,,0.9652145549050353,S1-41154520,S2-252989755,kolkata solutions,kolkata solutions,46 2 sarat ghosh garden road kolkata howrah west bengal,3 medge lane kolkata west bengal,None,None,1.0,1.0,1.0,1.0000000000000004,1.0,0.0,0.23076923076923078,0.5747126436781609,0.6424172278338945,0.44833069803996706,0.0,0.0,0.5,1.0
FP,,0.9615710449476246,S1-522668889,S2-982572548,ferrify vendome incorporated,ferrifya vendome incorporated,2302 branson landing mo branson unit unit 302a,2309 branson landing branson mo,None,None,0.3333333333333333,0.9824561403508771,0.993103448275862,0.8620165822939676,0.0,0.034482758620689655,0.42857142857142855,0.7272727272727273,0.8802025868786038,0.7480381401078032,0.0,0.0,0.75,1.0
FP,,0.9604072583553795,S1-512846845,S2-9185743,sbs carrier,sbs carrier limited,h no 174 shri ram verma khutar road gola kheri gola kheri uttar pradesh,door no 175 shri ram verma khutar road gola kheri gola uttar pradesh,None,None,1.0,0.7333333333333334,0.9157894736842105,0.9508187759313864,1.0,0.42105263157894735,0.6923076923076923,0.9064748201438849,0.7912783070974868,0.9058481372740769,0.0,0.0,0.8181818181818182,1.0
FP,,0.9600387836765707,S1-223810919,S2-923815657,anand om services limited,private anand om services limited,sno 2 2 2 the woods wakad nr kalewadicircle rhno 74 maharashtra pune city pune,sno 2 2 11 the woods wakad nr kalewadicircle rhno 74 pune city pune maharashtra,None,None,1.0,0.8620689655172413,0.7858585858585858,0.9346168515494984,1.0,0.24242424242424243,0.9166666666666666,0.8280254777070064,0.9586063725304231,0.9887300653952598,0.0,0.0,1.0,1.0
FP,,0.9597630526551909,S1-625991986,S2-850380643,hinds imperii incorporated,leto imperii incorporated,1708 morningside drive shelbyville in,1708 morningside drive shelbyville in,None,None,0.3333333333333333,0.8235294117647058,0.8031990231990233,0.6843855576885847,0.0,0.038461538461538464,1.0,1.0,1.0,0.9999999999999993,0.0,0.0,1.0,1.0
FP,,0.9583276767591534,S1-577851772,S3-658940838,ons international school,ons international school llp,new delhi kno 58 66 65 hno 24 c s f gautam ngr near father angel school delhi south delhi,south delhi dl kno 58 66 68 new delhi hno 24 c s f gautam ngr near father angel school,None,None,0.75,0.923076923076923,0.9714285714285714,0.9485028102612701,0.0,0.14285714285714285,0.85,0.7657142857142857,0.8253379339149123,0.9482332418653574,0.0,0.0,0.9444444444444444,1.0
FP,,0.9573906946723297,S1-269898915,S2-754396773,ncc contact of nanded,ncc contact of nanded holdings,nagareshwer mandir road maulha hatai nanded maharashtra,no 95 nagareshwer mandir road maulha hatai nanded maharashtra,None,None,0.75,0.8235294117647058,0.9400000000000001,0.9140760157877955,0.0,0.3,0.875,0.9482758620689655,0.8668554396423249,0.9706198417402073,0.0,0.0,1.0,1.0
FP,,0.954703693061076,S1-769832601,S2-19285966,luthra solutions limited,luthra solutions exports,f no g 2 p no 36 dharam nagar gopalpura bypas jaipur rajasthan,f no g 2 p no 37 dharam nagar gopalpura bypas jaipur rajasthan,None,None,0.5,0.75,0.906140350877193,0.8297416788971692,0.0,0.0,0.8333333333333334,0.9838709677419355,0.9935483870967742,0.9591088220383097,0.0,0.0,0.9090909090909091,1.0
FP,,0.9531242961010463,S1-268746083,S2-654284238,lucas society clinic,kornex society clinic corporation,ca 6791 gomez court sacramento,6791 gomez court sacramento ca,None,None,0.5,0.5660377358490566,0.6782828282828284,0.5309546051789782,0.0,0.3939393939393939,1.0,0.9,0.8168582375478928,0.9999999999999999,0.0,0.0,1.0,1.0
FP,,0.9468396212530453,S1-390822631,S2-103739602,opel institute of technology,shri opel institute of tehcoology llp,bihar patna c o jahda khatoon bauli muhalla phulwarisharif po phulwarisharif patna,no 82 c o jahda khatoon bauli muhalla phulwarisharif po phulwarisharif patna bihar,None,None,0.4,0.8,0.7745483578816912,0.6627567702714777,0.0,0.24324324324324326,0.9090909090909091,0.878048780487805,0.8035054376517791,0.975574599569042,0.0,0.0,1.0,1.0
FP,,0.9453501529204567,S1-589737095,S2-709609943,vijayawada technology private limited,vijayawada technologdies private limited,anil building m g road mr puram andhra pradesh d no 40 1 24 vijayawada krishna,059a 10 9 k p nagar vijayawada andhra pradesh,None,None,0.5,0.9350649350649349,0.9301501501501501,0.8614294670092143,0.0,0.075,0.14285714285714285,0.4065040650406504,0.5932294285235461,0.5063754768689942,0.0,0.0,0.3333333333333333,1.0
FP,,0.9432256942905359,S1-685387446,S2-812593036,auran mae pllc,aurin mae pllc,3370 carman road binghamton ny,3374 carman road binghamton ny,None,None,0.5,0.9285714285714286,0.9307692307692308,0.7390492481945585,0.0,0.0,0.6666666666666666,0.9666666666666667,0.9844444444444445,0.8429896205943526,0.0,0.0,0.8,1.0
FP,,0.9424276397494356,S1-980390394,S2-164663582,noel murphy shore,seigel murphy shore,216 brittany lane belleville il,216 brittany lane belleville il,None,None,0.5,0.8333333333333335,0.8906088751289989,0.6544897809567676,0.0,0.10526315789473684,1.0,1.0,1.0,1.0000000000000002,0.0,0.0,1.0,1.0
FP,,0.9422791430033784,S1-819219648,S2-18866639,technology samyak textiles private limited,technology samyak textile group private limited,plot no 663 bypass godam kudra bypass road gawai ward no 20 bhabua kaimur bihar,plot no 667 bypass godam kudra bypass road gawai ward no 20 bhabua bihar,None,None,0.3333333333333333,0.9213483146067416,0.950193985222527,0.9162247133616184,0.0,0.10638297872340426,0.7692307692307693,0.9403973509933775,0.9713352548483588,0.9047836094619625,0.0,0.0,0.9090909090909091,1.0
FP,,0.9409647517589511,S1-939445258,S3-306686826,edwards learning center,edwards learning center corporation,1758 12210 riverton ut,1763 1 2 12210 riverton utah,12210,12210,1.0,0.7931034482758621,0.9314285714285714,0.9194312848862798,1.0,0.34285714285714286,0.14285714285714285,0.8,0.8195670995670995,0.624518800005774,1.0,1.0,0.3333333333333333,1.0
FP,,0.9204145308426883,S1-341564472,S3-436453764,raviya infra of konnagar,ravviya intfra of konnagar,99 a indira gandhi road prasanna vila ground floor flat no 13 konnagar hooghly west bengal,ground floor flat no 13 পশ চ মবঙ গ hooghly konnagar 100 a indira gandhi road prasanna vila,None,None,0.2,0.96,0.9820512820512821,0.7655758704412117,0.0,0.07692307692307693,0.5789473684210527,0.4444444444444444,0.7188229325215626,0.8414055639518652,0.0,0.0,0.7857142857142857,1.0
FP,,0.9195492675926443,S1-201570205,S3-371659860,suvidha welfare society,suvidha welfare society private limited,s 7 plot no4 pkt 7 sf malhan plaza s 12 dwarka new delhi south west delhi delhi,s 7 plot no4 pkt 14 sf south west delhi dl,None,None,1.0,0.7419354838709676,0.917948717948718,0.9496311945374738,1.0,0.41025641025641024,0.5625,0.6611570247933884,0.8453770270071598,0.7263826105466648,0.0,0.0,0.8181818181818182,1.0
FP,,0.9192464338816387,S1-837622579,S2-944824645,desi cements llp,desi cements industries llp,house no 205 indira arcade residency road sadar nagpur maharashtra,house no 00218 indira arcade residency road sadar nagpur maharashtra,None,00218,0.75,0.7441860465116279,0.9185185185185185,0.8304554383107211,0.0,0.4074074074074074,0.8888888888888888,0.9552238805970148,0.9850692444810092,0.8881887709810921,0.0,0.0,1.0,1.0
FP,,0.9186268824581834,S1-414371382,S2-558914423,mnm trading limited,mnm trading private limited,building 5 3d flat no 13 new ajanta avenue society kothrud pune maharashtra,h no 571 building 5 6d flat no 13 new ajanta avenue society kothrud pune maharashtra,None,None,1.0,0.826086956521739,0.9091617933723196,0.9396299293489883,1.0,0.2962962962962963,0.7333333333333333,0.9308176100628931,0.8297468897468897,0.8614637935263434,0.0,0.0,0.9166666666666666,1.0
FP,,0.9152827603787731,S1-881023547,S2-721585518,kestan pattana incorporated,kestin pattana incorporated,8333 park vista circle charlotte nc,8333 park vista cir charlotte nc,None,None,0.3333333333333333,0.962962962962963,0.9544159544159544,0.8491520661296129,0.0,0.0,0.7142857142857143,0.9552238805970148,0.9453571428571429,0.9142015119538205,0.0,0.0,0.8333333333333334,1.0
FP,HIGH_ADDR_LOW_NAME (Shared Address/Building),0.912387338415344,S1-754857741,S2-587044945,mcarthur aegon of lowell incorporated,mitchell eaton,17342 tapper street lowell in,17342 tapper street lowell in,17342,17342,0.0,0.3529411764705882,0.5882668382668382,0.0812653763537338,0.0,0.6216216216216216,1.0,1.0,1.0,1.0000000000000002,1.0,1.0,1.0,1.0
FP,,0.909756099680937,S1-360636519,S2-42621201,brain international school private limited,brain international school private infratech limited,8 3 229 1 and 2 1st floor spurthi akkineni homes yousufguda hyderabad telangana,no 8 3 229 3 and 2 1st floor spurthi akkineni homes yousufguda hyderabad telangana,None,None,0.75,0.8936170212765957,0.9472527472527472,0.8963822656499245,0.0,0.19230769230769232,0.9230769230769231,0.968944099378882,0.8214007699960154,0.9911126281140478,0.0,0.0,1.0,1.0
FP,HIGH_ADDR_LOW_NAME (Shared Address/Building),0.8910833463264854,S1-754857741,S3-553705233,mcarthur aegon of lowell incorporated,calolum,17342 tapper street lowell in,in lowell 17342 tapper street,17342,17342,0.0,0.2272727272727273,0.5064350064350064,0.015808810639253885,0.0,0.8108108108108109,1.0,0.6551724137931035,0.7171414292853573,1.0000000000000002,1.0,1.0,1.0,1.0
FP,,0.8828186918734399,S1-344778538,S2-106346764,roopendra capital private limited,roopendrayn capital private limited,g 21 madhura nagar telangana hyderabad,andhra pradesh g 28 madhura nagar hyderabad,None,None,0.3333333333333333,0.9705882352941176,0.9885714285714287,0.8601882921339179,0.0,0.05714285714285714,0.4444444444444444,0.6666666666666667,0.7271058195170802,0.6645628435933565,0.0,0.0,0.6666666666666666,1.0
FP,,0.880241042247191,S1-575638136,S2-522876981,czv sales private limited,czv private buildtec limited,nisarpura purshottampur naubatapur patna bihar,6 nisarpura purshottampur naubatapur patna bihar,None,None,0.3333333333333333,0.7169811320754718,0.8513246753246754,0.5075754586317969,0.0,0.10714285714285714,0.8333333333333334,0.9787234042553191,0.841183574879227,0.9944610045531379,0.0,0.0,1.0,1.0
FP,,0.8750552881050175,S1-495551624,S2-203542479,newstar sahani private limited,newstar sahani limited,65 f 1 subhas nagar kolkata kolkata howrah west bengal,65 f 2 subhas nagar kolkata kolkata west bengal,None,None,1.0,0.8461538461538461,0.9193939393939394,0.9596502131328366,1.0,0.26666666666666666,0.7,0.910891089108911,0.9487237468736082,0.9270531139927695,0.0,0.0,0.875,1.0
FP,,0.8748782782116189,S1-589737095,S2-790293508,vijayawada technology private limited,vijayawada urban technology private limited,anil building m g road mr puram andhra pradesh d no 40 1 24 vijayawada krishna,h no 76 11 11 14 kolla farm road vijayawada urban null andhra pradesh,None,None,0.5,0.925,0.9234443746071653,0.9130520325660262,0.0,0.13953488372093023,0.17391304347826086,0.40816326530612246,0.6943714498062326,0.47736217381170515,0.0,0.0,0.3333333333333333,1.0
FP,,0.8733808460885294,S1-211325040,S3-231265923,sardar engineering private limited,sardar engineering limited,pune maharashtra office no 608 pheonix market city east wing nagar road viman nagar pune,office no 610 pheonix market city east wing nagar road viman nagar pune mh,None,None,1.0,0.8666666666666667,0.9298642533936652,0.9613490959253823,1.0,0.23529411764705882,0.7142857142857143,0.8641975308641976,0.7834261721248023,0.8673506700674914,0.0,0.0,0.8333333333333334,1.0
FP,HIGH_ADDR_LOW_NAME (Shared Address/Building),0.8732896013466421,S1-754857741,S3-321933475,mcarthur aegon of lowell incorporated,dowling river,17342 tapper street lowell in,17342 tapper street lowell in,17342,17342,0.0,0.28,0.49703549703549704,0.01910315357599227,0.0,0.6486486486486487,1.0,1.0,1.0,1.0000000000000002,1.0,1.0,1.0,1.0
FP,,0.8724206660881529,S1-152016818,S3-754721290,vision center of farmers branch care,vision center of farmers branch care metro,13301 galleria place unit 3204 farmers branch tx,13312 1 2 galleria place unit 3204 farmers branch texas,13301,13312,0.8333333333333334,0.923076923076923,0.9714285714285714,0.9234727481130831,0.0,0.14285714285714285,0.6,0.912621359223301,0.8619087148076511,0.8177963452531557,0.0,1.0,0.8571428571428571,1.0
FP,,0.8617728299198499,S1-719669995,S2-292146934,glaspie vines and gallman dpc lp,yocum vines and gallman dpc llc,5912 charming lane milford de,5912 charming lane pmb 8436 milford de,None,None,0.5,0.7619047619047619,0.7441756272401433,0.62737417965763,0.0,0.03125,0.7142857142857143,0.8656716417910448,0.9319419237749547,0.84063949943428,0.0,0.0,1.0,1.0
FP,,0.8460087398874413,S1-320857877,S2-811103422,cu sleep private limited,cu sleep infratech private limited,102 poorna apartment 68 69 sir pochkhanwala road worli mumbai maharashtra,no 00106 poorna apartment 68 69 sir pochkhanwala road worli maharashtra,None,00106,0.6666666666666666,0.8275862068965517,0.8911764705882353,0.8654172364403983,0.0,0.29411764705882354,0.8181818181818182,0.9027777777777779,0.793047199761458,0.9008101536938555,0.0,0.0,1.0,1.0
FP,,0.8449703024190497,S1-451523317,S2-619659697,patriot beyond,patriot beyond llc,206 twp road 102 ironton oh,21 twp road 102 oh ironton,None,None,1.0,0.875,0.9555555555555556,0.9721871659131773,1.0,0.2222222222222222,0.7142857142857143,0.8301886792452831,0.9182393162393163,0.8814454404416326,0.0,0.0,0.8333333333333334,1.0
FP,,0.8390456900626528,S1-245215825,S3-987547015,summit piedmont precious incorporated,summit piedmont precious west incorporated,9231 rippling fields drive houston tx,texas houston city 924 rippling fields drive,None,None,0.75,0.9367088607594937,0.9491634491634492,0.9504969838979835,0.0,0.11904761904761904,0.4444444444444444,0.5925925925925926,0.740352652117358,0.7720354085099393,0.0,0.0,0.6666666666666666,1.0
FP,,0.8314207987927403,S1-466548212,S3-644499047,vesaum apex procap partners,avizeta partners procap apex,17146 running deer trail surprise az,17146 running deer trl surprise arizona,17146,17146,0.6,0.5818181818181818,0.7461659381949236,0.5825077877058925,0.0,0.03571428571428571,0.42857142857142855,0.9066666666666666,0.9457264957264957,0.8267439182307315,1.0,1.0,0.6,1.0
FP,,0.8296064603062933,S1-620678354,S3-395153657,bureau of parks and recreation,bureau of parks and recreation group,1161 boxwood drive crystal lake il,01174 boxwood drive crystal lake illinois,None,01174,1.0,0.9090909090909091,0.9666666666666667,0.944595835426616,1.0,0.16666666666666666,0.5714285714285714,0.8533333333333333,0.907221425155428,0.7405998874520016,0.0,0.0,0.8,1.0
FP,,0.8284592990397746,S1-275862783,S2-34148036,aapki international school of serilingampally,sri aapki international school of serilingampally group,1 57 11c flat no 302 ananda nilayam sri ram nagar serilingampally k v rangareddy telangana,andhra pradesh 1 57 15c flat no 302 ananda nilayam sri ram nagar serilingampally,None,None,0.8,0.9,0.8134680134680136,0.9431838051458852,0.0,0.18181818181818182,0.5555555555555556,0.7529411764705882,0.7670920920920921,0.7256031465425457,0.0,0.0,0.7692307692307693,1.0
FP,,0.8255725611260395,S1-608054330,S2-102069929,patterson s appliance lp,patterson s consulting lp,2724 short street hempstead ny,002728 short street hempstead ny,None,002728,0.6,0.7346938775510203,0.8787543859649123,0.5430947379399507,0.0,0.04,0.8,0.9354838709677421,0.9576388888888889,0.7413337354484207,0.0,0.0,1.0,1.0
FP,,0.8255176730457578,S1-564079692,S3-805097999,tucson regional tri state services,tucson regional tri state services llc,131 eastern slope loop tucson az,42 eastern slope loop null tucson arizona,None,None,1.0,0.9444444444444444,0.9789473684210527,0.9826186798172524,1.0,0.10526315789473684,0.4444444444444444,0.7945205479452055,0.8367062657695543,0.7891120913564482,0.0,0.0,0.6666666666666666,1.0
FP,,0.8251196417788533,S1-871862040,S3-999176778,delhi life private limited,al infotech private limited,house no 303 b 02 2 sasco bhawan naniwala bagh city delhi north west delhi delhi,204 b 02 2 sasco bhawan naniwala bagh north west delhi delhi dl,None,None,0.0,0.7924528301886792,0.7354744021410689,0.28052770429704826,0.0,0.037037037037037035,0.6666666666666666,0.8111888111888113,0.7681748200190822,0.8758289997952045,0.0,0.0,0.8333333333333334,1.0
FP,,0.8231935728558194,S1-347383673,S3-733819240,vision care of klamath falls,vision care of klamath falls limited,584 old midland road klamath falls or,klamath falls oregon 595 old midland road,None,None,1.0,0.875,0.9555555555555556,0.9743134203861151,1.0,0.2222222222222222,0.625,0.4615384615384615,0.6479406235503796,0.7683882920711416,0.0,0.0,0.8333333333333334,1.0
FP,,0.8199486646832259,S1-928144773,S2-475310761,spears crews,spears crews incorporated,hixson tn 420 sevier street,431 435 sevier street hixson tn,None,None,1.0,0.6486486486486487,0.896,0.9012259231771881,1.0,0.52,0.5714285714285714,0.5517241379310345,0.6619673436877739,0.7800735763067278,0.0,0.0,0.8,1.0
FP,,0.8186717223963998,S1-470776843,S3-210795438,yq precision incorporated,lq prrchisisn incorporated,6329 wonder lane whitestown in,6329 wonder lane whiteston township indiana,None,None,0.0,0.8627450980392157,0.8632634032634033,0.23596574378583748,0.0,0.038461538461538464,0.42857142857142855,0.821917808219178,0.9262015503875969,0.827738820828527,0.0,0.0,0.75,1.0
FP,,0.8173238883200376,S1-680997139,S2-784387477,consultants godbole india private limited,consultants godbole india group private limited,c o manoj kumar singh bhagwanpur mushahari muzaffarpur bihar,h no 69 5 c o manoj kumar singh bhagwanpur mushahari bihar,None,None,1.0,0.9318181818181819,0.9549558899844317,0.9524016793436182,1.0,0.1276595744680851,0.6666666666666666,0.8135593220338984,0.7375048870122761,0.8368942156377193,0.0,0.0,0.8888888888888888,1.0
FP,,0.8154318197083715,S1-249116846,S2-878657977,nelson investments,phillips investments,98 lockwood avenue oyster bay ny,00105 lockwood avenue oyster bay ny,None,00105,0.3333333333333333,0.736842105263158,0.7068783068783069,0.5140258070808434,0.0,0.1,0.8333333333333334,0.8955223880597015,0.9315476190476191,0.8407881255286248,0.0,0.0,1.0,1.0
FP,,0.8144390413240169,S1-104944987,S3-958890541,tag public school,tag public school overseas www tagpublic com,440 it house imamwada industrial area nagpur nagpur maharashtra,461 it house imamwada industrial area nagpur nagpur mh,None,None,0.42857142857142855,0.5573770491803278,0.8772727272727272,0.7709845568489064,0.0,0.6136363636363636,0.6,0.8888888888888888,0.9365079365079365,0.8739379472000579,0.0,0.0,0.75,1.0
FP,,0.8101275252580927,S1-945362170,S3-818838137,sirius commerce pllc,sirius commerce llc,vidor tx unit 17 22190 interstate highway 10,22191 interstate highway 10 unit 17 vidor texas,22190,22191,0.6666666666666666,0.9743589743589743,0.99,0.9366139717866787,0.0,0.05,0.75,0.5714285714285714,0.751537469622576,0.8492564953733928,0.0,1.0,0.8571428571428571,1.0
FP,,0.8049331313158173,S1-831456529,S2-34655045,grace chapel,grace chapel corporation,22 lewis drive city of aberdeen md,31 lewis drive aberdeen md,None,None,1.0,0.6666666666666667,0.9,0.8780053411918821,1.0,0.5,0.5714285714285714,0.8,0.8207642031171444,0.8654194161354075,0.0,0.0,0.8,1.0
FP,,0.8021124018698577,S1-977345487,S2-87658889,meenita trading limited,meeniti trading limited,c o vikram singh mangu gram unhel jhalawar jhalawar rajasthan,h no 3 c o vikram singh mangu gram unhel jhalawar jhalawar rajasthan,None,None,0.3333333333333333,0.9565217391304348,0.9371541501976285,0.843853588124431,0.0,0.0,0.8181818181818182,0.9457364341085271,0.8181452909032464,0.9915556888630735,0.0,0.0,1.0,1.0
FP,,0.8003381081225754,S1-762714635,S3-246706395,apex shree solutions private limited,apex shree solutions limited,3 27 dasireddigaripalli palamanda sodam chitoor tirupati chittoor andhra pradesh,3 3 dasireddigaripalli palamanda sodam chitoor tirupati chittoor ap,None,None,1.0,0.875,0.934126984126984,0.9534030563037271,1.0,0.2222222222222222,0.6363636363636364,0.8979591836734694,0.9493532338308458,0.9288320046911593,0.0,0.0,0.875,1.0
FP,HIGH_ADDR_LOW_NAME (Shared Address/Building),0.7985346292897904,S1-113487796,S2-714813452,wh servicesprivate private limited,wh finance,unit 403 4rth floor sbr gateway huda techno park madhapur hyderabad telangana,telangana unit 407 4rth floor sbr gateway huda techno park madhapur hyderabad,None,None,0.3333333333333333,0.2727272727272727,0.5876750700280112,0.3201201298506701,0.0,0.7058823529411765,0.8461538461538461,0.8571428571428572,0.8101168238154539,0.9565260867364114,0.0,0.0,0.9166666666666666,1.0
FP,,0.7940173929203447,S1-667017397,S2-775267095,malappuram offset private limited,limited malappuram producer private,first floor dhanya complex pattambi road pulamanthole malappuram malapuram kerala,dhanya complex pattambi road pulamanthole pulamanthole kerala 2 first floor malappuram,None,None,0.3333333333333333,0.6176470588235294,0.7027096360429694,0.6748189287901367,0.0,0.05714285714285714,0.8181818181818182,0.6826347305389223,0.7815618719494687,0.8965789120996887,0.0,0.0,0.9,1.0
FP,,0.7906337726286747,S1-301050317,S2-839132017,kehoe premier electronics group,kehoe premier electronics group east,1727 madison drive rogers ar,1731 madison drive rogers ar,None,None,0.75,0.9253731343283582,0.9722222222222222,0.9530509034989514,0.0,0.1388888888888889,0.6666666666666666,0.9285714285714286,0.9619047619047619,0.7563451360124184,0.0,0.0,0.8,1.0
FP,,0.7893473730997453,S1-873153228,S2-112653515,barrows crystal jackson,barrows crystal jackson limited,3712 117th street alsip il,3719 117th street pmb 2913 alsip il,None,None,1.0,0.8518518518518519,0.9483870967741936,0.9733226622267332,1.0,0.25806451612903225,0.5,0.819672131147541,0.8963589743589744,0.7253076295896577,0.0,0.0,0.8,1.0
FP,,0.7879567883718476,S1-490657573,S2-570602711,big solutions private limited,big solutions private limited,b 41 main durga gali maujpur delhi delhi east delhi delhi,plot no 85 s f shanti vihar east delhi delhi,None,None,1.0,1.0,1.0,0.9999999999999993,1.0,0.0,0.14285714285714285,0.5346534653465347,0.6248006379585327,0.5169718839824361,0.0,0.0,0.25,1.0
FP,,0.7816229294740499,S1-115727402,S2-299424677,aura sangh,aura llp center,banswara bhaiji ke paratha banswara pratap circle banswara rajasthan,no 19 bhaiji ke paratha pratap circle banswara banswara rajasthan,None,None,0.25,0.48,0.6666666666666666,0.46737055297788077,0.0,0.3333333333333333,0.875,0.7819548872180451,0.7921679895161091,0.9685052751605154,0.0,0.0,1.0,1.0
FP,,0.7787079341783308,S1-301772283,S2-461065062,madurai 625002 properties llp,madurai 625002 properties group,4b lalbamadur sajtri streetbibikulam madurai madurai tamil nadu,25b lalbamadur sajtri streetbibikulam madurai madurai tamil nadu,None,None,0.75,0.9,0.9604004449388209,0.9382717235446496,0.0,0.06451612903225806,0.75,0.9763779527559054,0.984292328042328,0.9451199869479338,0.0,0.0,0.8571428571428571,1.0
FP,HIGH_ADDR_LOW_NAME (Shared Address/Building),0.7743483316819795,S1-754857741,S2-588413896,mcarthur aegon of lowell incorporated,hazel lifesciences,17342 tapper street lowell in,17342 tapper street lowell in,17342,17342,0.0,0.36363636363636365,0.5525525525525525,0.01416376793985451,0.0,0.5135135135135135,1.0,1.0,1.0,1.0000000000000002,1.0,1.0,1.0,1.0
FP,,0.7687596771371328,S1-202173657,S3-813968843,hanover county youth association,hanover county youth association group,12133 doswell road hanover county va,1213 doswell road hanover county virginia,12133,None,1.0,0.9142857142857143,0.968421052631579,0.9489742371194768,1.0,0.15789473684210525,0.5714285714285714,0.9090909090909091,0.9651761517615176,0.8213650320283459,0.0,0.0,0.8,1.0
FP,,0.7677930260593617,S1-41154520,S2-537447437,kolkata solutions,kolkata solutions private limited,46 2 sarat ghosh garden road kolkata howrah west bengal,p 87 cit road scheme vi m kolkata kolkata west bengal,None,None,1.0,0.68,0.903030303030303,0.912849670581929,1.0,0.48484848484848486,0.25,0.5925925925925926,0.6551450249563456,0.44959983178290636,0.0,0.0,0.4,1.0
FP,,0.7668380390347256,S1-189583682,S2-800608370,bangalore conferences clinic,group conferences clinic bangalore,294 c k palya cross superintendent dinne bannerghatta road gottigere post bangalore karnataka,9 307 c k palya cross superintendent dinne bannerghatta road gottigere post bangalore karnataka,None,None,1.0,0.6774193548387097,0.7293837535014006,0.9505644375909305,0.0,0.17647058823529413,0.8,0.9680851063829787,0.8432653179682043,0.9503056462109066,0.0,0.0,0.9230769230769231,1.0
FP,,0.7659351026672463,S1-348716499,S2-596335578,onkar india projectsprivate of jogeshwari west private limited,onkar india projectsprivate of jogeshwari west public limited,b 1608 pearl palace chs ltd aqsa masjid road nr fdc ltd jogeshwari west mumbai maharashtra,b 1619 pearl palace chs ltd aqsa masjid road nr fdc ltd jogeshwari west मह र ष ट र,None,None,0.8333333333333334,0.926829268292683,0.9602298978541011,0.9381960661256834,0.0,0.016129032258064516,0.6,0.8255813953488372,0.9309485094850949,0.8459161733803565,0.0,0.0,0.8,1.0
FP,,0.7606065117962686,S1-67564259,S2-614901584,innovative muniholdings,innovative limited muniholdings,7375 hedgesville road hedgesville wv,7380 hedgesville road hedgesville wv,None,None,1.0,0.8518518518518519,0.9136044880785413,0.9682178394238911,1.0,0.25806451612903225,0.6,0.9444444444444444,0.9703703703703703,0.8950805160260383,0.0,0.0,0.75,1.0
FP,,0.7573661397276609,S1-837967059,S2-68859224,ivenara bancorp,ivenaova bancorp,3170 gilbert road floor 0 chandler az,3191 gilbert road chandler az,None,None,0.3333333333333333,0.9032258064516128,0.9188095238095239,0.62365834712859,0.0,0.0625,0.5,0.8181818181818181,0.8700309504907205,0.7240608467396763,0.0,0.0,0.8,1.0
FP,,0.7503068662804189,S1-589737095,S2-300445032,vijayawada technology private limited,vijayawada techno1ogies private limited,anil building m g road mr puram andhra pradesh d no 40 1 24 vijayawada krishna,059a 10 9 k p nagar vijayawada andhra pradesh,None,None,0.5,0.9210526315789473,0.9229620829620829,0.7640566301521454,0.0,0.05128205128205128,0.14285714285714285,0.4065040650406504,0.5932294285235461,0.5063754768689942,0.0,0.0,0.3333333333333333,1.0
FP,,0.7462543215138019,S1-199702910,S2-264469583,norma law chambers,norma law chambers overseas id 19047,j 8 109 ug floor rajouri garden new delhi delhi,j 8 116 ug floor rajouri garden new delhi द ल ल,None,None,0.5,0.6666666666666667,0.9,0.6701426909352719,0.0,0.5,0.6666666666666666,0.851063829787234,0.9404255319148936,0.7959485037740516,0.0,0.0,0.8888888888888888,1.0
FP,,0.7418300303046923,S1-41154520,S2-51633367,kolkata solutions,kolkata solutions private limited,46 2 sarat ghosh garden road kolkata howrah west bengal,flat 202 29a southend park kolkata kolkata west bengal,None,None,1.0,0.68,0.903030303030303,0.912849670581929,1.0,0.48484848484848486,0.2,0.6238532110091743,0.6810044893378228,0.4259801767321245,0.0,0.0,0.375,1.0
FP,,0.7358552098534443,S1-294048548,S2-290095973,fleming ncr,company fleming ncr,6418 rockwell boulevard charlotte nc,charlotte 6423 rockwell boulevard nc,None,None,1.0,0.7333333333333334,0.7384370015948963,0.8996846364616979,1.0,0.42105263157894735,0.6666666666666666,0.6666666666666667,0.7444444444444445,0.8225953459820046,0.0,0.0,0.8,1.0
FP,,0.7214888251007123,S1-615641643,S2-975081070,congregation cathedral,congregation cathedral limited,2461 eugene reed road woodbury tn,2471 eugene reed road woodbury tn,None,None,1.0,0.8461538461538461,0.9466666666666667,0.9711360669594096,1.0,0.26666666666666666,0.7142857142857143,0.9696969696969697,0.9838383838383838,0.8176813956503985,0.0,0.0,0.8333333333333334,1.0
FP,,0.721327654125817,S1-357792520,S3-284882249,drayora evo,drayori evo,2879 invergarry road memphis tn,2880 invergarry road memphis tennessee,None,None,0.3333333333333333,0.9090909090909091,0.9636363636363636,0.8173159094420178,0.0,0.0,0.42857142857142855,0.8405797101449275,0.9196378041878891,0.7075399267428848,0.0,0.0,0.6,1.0
FP,,0.7143588452823675,S1-607735851,S2-499884881,empire complete acp llc,empire complete acp incorporated,1201 harrill street unit 1 charlotte nc,001204 harrill street charlotte nc,None,001204,1.0,0.7636363636363638,0.9138586956521739,0.897154695735205,1.0,0.28125,0.5714285714285714,0.8493150684931507,0.8269433497137482,0.734914721626334,0.0,0.0,1.0,1.0
FP,,0.7139369472386644,S1-113906569,S2-639266711,jpt sen private limited,jpt sen limited,1539 gf gali arya samaj sita ram bazar delhi central delhi delhi,1542 gf gali arya samaj sita ram bazar delhi delhi,None,None,1.0,0.7894736842105263,0.8904347826086957,0.9078954067473768,1.0,0.34782608695652173,0.7272727272727273,0.8421052631578947,0.917111111111111,0.8297569053821886,0.0,0.0,0.8888888888888888,1.0
FP,,0.7107754924079649,S1-59915191,S2-134199159,liv resorts private limited,liiv resrts private limited,241 sahakara nagar bangalore north bangalore karnataka,246 sahakara nagar bangalore north karnataka,None,None,0.0,0.962962962962963,0.8776828110161443,0.4548042780219198,0.0,0.0,0.7142857142857143,0.8775510204081632,0.9148122047346854,0.864881816959501,0.0,0.0,0.8333333333333334,1.0
FP,,0.7092408657072292,S1-433756312,S3-547003755,yuvraj public school,yuvraj public school enterprise,palarivattom kerala ernakulam 39 2475 b1 suite 419 lr towers sjrra 104 s janatha road,7 39 2475 b22 suite 419 lr towers sjrra 104 s janatha road palarivattom ernakulam keralam,None,None,1.0,0.7843137254901962,0.9290322580645162,0.8994866152341159,1.0,0.3548387096774194,0.7222222222222222,0.632183908045977,0.7678394749115172,0.9217808558811883,0.0,0.0,0.8666666666666667,1.0
FP,,0.7082041994251822,S1-623821600,S3-956212349,secure columbus,secure columbus corporation,229 tarkington road creswell nc,238 tarkington road creswell north carolina,None,None,1.0,0.7142857142857143,0.9111111111111111,0.902359136066396,1.0,0.4444444444444444,0.375,0.7837837837837838,0.8829707426856713,0.7404321783319863,0.0,0.0,0.6,1.0
FP,,0.7079233186627193,S1-468272359,S3-588850510,dorothee roy ph d,dorothee roy ph d corporation,178 valley brook road agawam ma,184 valley brook road agawam massachusetts,None,None,1.0,0.7391304347826086,0.9172413793103449,0.9139023806647631,1.0,0.41379310344827586,0.5,0.821917808219178,0.9046082949308756,0.6860607403050738,0.0,0.0,0.6666666666666666,1.0
FP,,0.7064676519636524,S1-37293427,S2-946434832,karur foundation associates,smt karur foundation associates overseas corporation,4th floor no 48 thanjai main road north ukkadai tiruchirappalli tamil nadu,door no 25th floor no 48 thanjai main road notrh ukkadai tiruchirappalli tamil nadu,None,None,0.6,0.6835443037974683,0.6792497625830959,0.8071504478376127,0.0,0.4807692307692308,0.6428571428571429,0.9171974522292995,0.809216131464027,0.8488379756398438,0.0,0.0,0.8181818181818182,1.0
FP,,0.7064504625201146,S1-853515629,S3-892945521,flying group of companies,private flying group of companies limited,7 ganesh chandra avenuep s bowbazar kol calcutta west bengal,h no 2 0 ganesh chandra avenuep s bowbazar kol calcutta wb,None,None,1.0,0.7575757575757575,0.7232520325203252,0.9352299854986519,1.0,0.3902439024390244,0.5,0.847457627118644,0.7608163866784556,0.8902790322736558,0.0,0.0,0.7,1.0
FP,,0.7058984043865391,S1-719960584,S2-364470496,american association,american association valley incorporated,2860 patricia lane conway ar,2862 2866 patricia lane conway ar,None,None,0.6666666666666666,0.6666666666666667,0.9,0.7909063751395835,0.0,0.5,0.5714285714285714,0.8852459016393442,0.8628226711560045,0.7742551963559923,0.0,0.0,0.8,1.0
FP,,0.7041479846878061,S1-466369301,S3-967298183,lisa s coffee,company lisa s coffee,501 augusta drive village of waunakee wi,508 augusta drive waunakee wisconsin,None,None,1.0,0.7647058823529411,0.7704517704517704,0.8922067176182198,1.0,0.38095238095238093,0.375,0.736842105263158,0.8444444444444446,0.7236643788132752,0.0,0.0,0.6,1.0
FP,,0.7033941115393462,S1-800296221,S2-323298628,phipps college,phipps college eastgate,1327 cascade hills drive rosharon tx,rosharon tx 001348 cascade hills drive,None,001348,0.6666666666666666,0.7567567567567568,0.9217391304347826,0.8533797519806797,0.0,0.391304347826087,0.8333333333333334,0.5945945945945945,0.6834447229184071,0.7665435790755429,0.0,0.0,1.0,1.0
FP,,0.6988861880980152,S1-606417048,S2-567400134,cobalt lodging,cobalt lodging company,107 community way unit unit 714 staunton city va,108 community way staunton city va,None,None,1.0,0.7777777777777779,0.9272727272727272,0.9146268392003934,1.0,0.36363636363636365,0.5555555555555556,0.804878048780488,0.8522578728461082,0.7751074915757206,0.0,0.0,0.8333333333333334,1.0
FP,,0.695120257285574,S1-510688610,S3-312241322,brown kasey d d s,corporation brown kasey d d s,1726 briarmanor drive ofallon mo,1731 briarmanor drive ofallon missouri,None,None,1.0,0.7391304347826086,0.7248140635564572,0.8990698821328053,1.0,0.41379310344827586,0.42857142857142855,0.8571428571428572,0.9271929824561405,0.7131122092964298,0.0,0.0,0.6,1.0
FP,,0.693158255511785,S1-457616829,S3-761791679,broken memorial trust,private broken memorial trust limited,vill tejganj school para nutanganj burdwan bardhaman west bengal,no 97 vnll tejganj school para nutanganj burdwan bardhaman wb,None,None,1.0,0.7241379310344827,0.697125697125697,0.9316681918797753,1.0,0.43243243243243246,0.5,0.8640000000000001,0.7762490241998439,0.8664372254966087,0.0,0.0,0.6666666666666666,1.0
FP,,0.6908448048569819,S1-187580275,S2-327328646,mb seas,mb seas incorporated,279 barrington lane il bourbonnais,282 barrington lane bourbonnais il,None,None,1.0,0.5185185185185186,0.87,0.826374301235312,1.0,0.65,0.6666666666666666,0.8529411764705883,0.9084558823529412,0.8631757368653868,0.0,0.0,0.8,1.0
FP,,0.6819506664499851,S1-508143165,S3-206456191,heartland terra,heartland terra incorporated,741 melville avenue baltimore md,752 melville avenue baltimore maryland,None,None,1.0,0.6976744186046511,0.9071428571428571,0.8872163305269763,1.0,0.4642857142857143,0.42857142857142855,0.8571428571428572,0.918092105263158,0.7262647619682325,0.0,0.0,0.6,1.0
FP,,0.6819063742286844,S1-549963411,S2-525261968,flora brothers company,flora brothers industries,h no 83 sikrona near government school fatepur tegga faridabad haryana,haryana h no 0090 sikrona near government school fatepur tegga faridabad,None,None,0.6666666666666666,0.6808510638297872,0.8734545454545455,0.7004471714756931,0.0,0.12,0.8181818181818182,0.8450704225352113,0.82750355366027,0.9386477953473605,0.0,0.0,0.9,1.0
FP,,0.6800310658061397,S1-198675986,S2-835700810,choice biomedical group,choice biomedical group llc,7227 englehardt drive raleigh nc,723 englehardt drive raleigh nc,None,None,1.0,0.92,0.9703703703703704,0.9757423594649234,1.0,0.14814814814814814,0.6666666666666666,0.9523809523809522,0.9747311827956989,0.8617084314726341,0.0,0.0,0.8,1.0
FP,,0.6800005338836594,S1-178139149,S3-999464,freida hodges esq,freida hodges esq incorporated,tn 3738 abercrombie circle chattanooga,3743 abercrombie circle chattanooga tennessee,None,None,1.0,0.7234042553191489,0.9133333333333333,0.930353660123801,1.0,0.43333333333333335,0.42857142857142855,0.8192771084337349,0.7472291840712892,0.8011017062199959,0.0,0.0,0.6,1.0
FP,,0.6776775276976226,S1-867212465,S2-10133194,ilse s rapid law group,ilse s rapid law group corporation,105 miles drive san marcos tx,110 miles drive san marcos tx,None,None,1.0,0.7857142857142857,0.9294117647058824,0.9187210052781134,1.0,0.35294117647058826,0.7142857142857143,0.9655172413793103,0.9793103448275864,0.8849544420843201,0.0,0.0,0.8333333333333334,1.0
FP,,0.6776411394419365,S1-147925883,S2-710286630,grace synagogue,grace synagogue partners,1829 bertie street sevierville tn,1830a bertie street sevierville tn,None,None,0.6666666666666666,0.7692307692307692,0.925,0.9092726699273896,0.0,0.375,0.6666666666666666,0.9253731343283582,0.9603089720736779,0.7809117937705866,0.0,0.0,0.8,1.0
FP,,0.6759646921667413,S1-568352323,S2-677372068,schuler capital douglas llc,schuler capital douglas limited,255 lost springs terrace unit 201 beaverton or,0260 lost springs terrace beaverton or,None,None,1.0,0.8620689655172413,0.9464755077658303,0.9589026073768968,1.0,0.12903225806451613,0.5,0.8333333333333335,0.8558788275035415,0.7722333125903896,0.0,0.0,0.8,1.0
FP,,0.6745029363491841,S1-425098743,S3-749541944,samudra investments private limited,shri samudra services private limited,kanaiyalal no madh vadnagar mahesana gujarat,door no 067 kanaiyalal no madh vadnagar mahesana gj,None,None,0.3333333333333333,0.75,0.8003861003861004,0.6534625306694608,0.0,0.05405405405405406,0.5,0.8210526315789474,0.7478015448603683,0.8225887611361008,0.0,0.0,0.8,1.0
FP,,0.6728844673969268,S1-151798010,S2-493206190,lucknow automobiles private limited,lucknow service,vivek khand gomti nagar lucknow uttar pradesh 2 221 lucknow,2 39 vishwas khand gomti nagar lucknow uttar pradesh,None,None,0.3333333333333333,0.52,0.8380952380952381,0.5516528256103173,0.0,0.5714285714285714,0.6363636363636364,0.7567567567567568,0.7130691969675022,0.7564583318715193,0.0,0.0,0.7777777777777778,1.0
FP,,0.6675971902471186,S1-574964449,S3-556641720,synneum worldwide,synneum worldwide corporation,5125 greenwood avenue redmond or,5134 greenwood avenue redmond oregon,None,None,1.0,0.7391304347826086,0.9172413793103449,0.9255496547066405,1.0,0.41379310344827586,0.5,0.8823529411764706,0.9388888888888889,0.7265049719766503,0.0,0.0,0.75,1.0
FP,,0.6673036252646298,S1-4220100,S2-438578643,rati trading limited,rati trading holdings,shed no a 1 120 plot no 380 lic sector ii phase gidc vapi pardi valsad gujarat,ગ જર ત shed no a 1 120 plot no 393 lic sector ii phase gidc vapi pardi,None,None,0.6666666666666666,0.7317073170731707,0.8998809523809523,0.7463058155810435,0.0,0.047619047619047616,0.6111111111111112,0.8243243243243243,0.7491249491249491,0.7751418115367632,0.0,0.0,0.7857142857142857,1.0
FP,,0.66597809115563,S1-741207444,S2-844970654,mas to private limited,smt mas to public limited,ground floor dadar east mumbai mumbai city maharashtra plot 209 latif building drive babasaheb ambedkar road shindewadi,h no 54 ground floor plot 209 latif building drive babasaheb ambedkar road shindewadi dadar east mumbai maharashtra,None,None,0.3333333333333333,0.7234042553191489,0.6979124579124578,0.6063117508143746,0.0,0.12,0.8333333333333334,0.658119658119658,0.7914904125901568,0.9579588750313626,0.0,0.0,0.9375,1.0
FP,HIGH_ADDR_LOW_NAME (Shared Address/Building),0.664061395948309,S1-754857741,S2-706905064,mcarthur aegon of lowell incorporated,dowling river jones,17342 tapper street lowell in,17342 tapper street lowell in,17342,17342,0.0,0.2857142857142857,0.5246744720428932,0.0193297712986834,0.0,0.4864864864864865,1.0,1.0,1.0,1.0000000000000002,1.0,1.0,1.0,1.0
FP,,0.657083394491939,S1-104464037,S2-894689038,palomares atlas,palomares atlas company,4247 ferndale road lummi wa,004251 ferndale road n a lummi wa,None,004251,1.0,0.7894736842105263,0.9304347826086957,0.9122076239680474,1.0,0.34782608695652173,0.6666666666666666,0.8333333333333335,0.8411672278338944,0.7070472830117274,0.0,0.0,0.8,1.0
FP,,0.6524651820947308,S1-169164639,S2-316414868,vidales nichols,vidales nichols incorporated,3802 303rd court auburn wa,3809 303nd court auburn wa,None,None,1.0,0.6976744186046511,0.9071428571428571,0.9160014750782273,1.0,0.4642857142857143,0.42857142857142855,0.923076923076923,0.9057692307692308,0.643171887026544,0.0,0.0,0.6,1.0
FP,,0.6515079766218183,S1-113946951,S2-916277894,massif clinic corporation,massif clinic infratech,ward no 8 h no 1585 5 sangali road ichalkaranji hatkanangle kolhapur maharashtra,ward no 9 h no 1585 5 sangali road ichalkaranji hatkanangle maharashtra,None,None,0.6666666666666666,0.7083333333333333,0.903913043478261,0.7554620839823796,0.0,0.08,0.75,0.9271523178807947,0.9464688128772636,0.9260313199955746,0.0,0.0,0.9,1.0
FP,,0.6491077470705293,S1-650657463,S3-782611861,3054 jefferson place owners corporation incorporated,3054 jefferson place owlensr corporation lakeside incorporated,1022 almaden street eugene or,1033 almaden street eugene oregon,None,None,0.5,0.8771929824561404,0.9408188585607941,0.7785162697908925,0.0,0.16129032258064516,0.5,0.8709677419354839,0.9331243469174504,0.7432703734685705,0.0,0.0,0.75,1.0
FP,,0.6295697253187782,S1-227153024,S2-876188301,pranit trade limited,pranit trade overseas,63 1b1 walajabad main road karasangal kundrathur sriperumbudur kanchipuram tamil nadu,481 63 1b10 walajabad main road karasangal kundrathur sriperumbudur tamil nadu,None,None,0.6666666666666666,0.6829268292682926,0.8733333333333333,0.7133411516866808,0.0,0.047619047619047616,0.6923076923076923,0.8957055214723927,0.7776065658418599,0.8835565448660015,0.0,0.0,0.8181818181818182,1.0
FP,,0.6293069379350608,S1-497494073,S2-36563471,kinston communities,kinston communities incorporated,3449 danfield drive kinston nc,3451 danfield drive kinston nc,None,None,1.0,0.7450980392156863,0.9187500000000001,0.9081005109519462,1.0,0.40625,0.6666666666666666,0.9333333333333332,0.9644444444444444,0.7637321299215762,0.0,0.0,0.8,1.0
FP,,0.6255815665801112,S1-632107114,S2-131322892,division of buildings,division of buildings incorporated,433 iota avenue birmingham al,446 iota avenue birmingham al,None,None,1.0,0.7636363636363638,0.9235294117647059,0.9105270175180586,1.0,0.38235294117647056,0.6666666666666666,0.9310344827586207,0.9586206896551723,0.819333413138677,0.0,0.0,0.8,1.0
FP,,0.6238538513579859,S1-605100650,S2-583984349,lux mountain barclays llc,chen mountain barclays,3045 grandview place darien il,null il 3046 grandview place darien,None,None,0.5,0.7659574468085107,0.7905050505050505,0.8030545908760367,0.0,0.12,0.5714285714285714,0.8,0.7823207443897099,0.8193445587666893,0.0,0.0,0.8,1.0
FP,,0.6233764616868263,S1-859755952,S2-135448734,altus housing diamond project,altus korvera diamond project,508 elm altus ok,510 elm altus ok,None,None,0.6,0.7931034482758621,0.8911544227886057,0.7038246854925775,0.0,0.0,0.6,0.9375,0.9625,0.7927808120805973,0.0,0.0,0.75,1.0
FP,,0.6233681058682891,S1-949002960,S2-29053356,direct allspring,direct allspring incorporated,10100 sheridan road owasso ok,40104 sheridan road owasso ok,10100,40104,1.0,0.7111111111111111,0.9103448275862069,0.9033151768512762,1.0,0.4482758620689655,1.0,0.9310344827586207,0.9416773094934014,0.7915756187552734,0.0,1.0,1.0,1.0
FP,,0.6224865788856849,S1-294532133,S3-98966908,reverence business limited,reverence academy limited,311 a velachery main road srinivasa nagar madippakkam chennai tamil nadu,320 a velachery main road srinivasa nagar madippakkam chennai tn,None,None,0.3333333333333333,0.7450980392156863,0.8560485829959514,0.6101852561570956,0.0,0.038461538461538464,0.5833333333333334,0.9117647058823529,0.9489583333333333,0.8769365877588202,0.0,0.0,0.7777777777777778,1.0
FP,,0.6132021199129276,S1-844665886,S2-390515294,uptown book store,the uptown book store group,112 murch road dayton me,125 murch road biddefrd city me,None,None,1.0,0.7727272727272727,0.739288307915759,0.8789190930423759,0.0,0.37037037037037035,0.375,0.6909090909090909,0.8135483870967741,0.4195454525160159,0.0,0.0,0.6,1.0
FP,,0.6099116028829111,S1-425087749,S2-270729809,choice bsp,choice bsp partners,438 zinnia court merced ca,451 zinnia court merced ca,None,None,0.6666666666666666,0.6896551724137931,0.9052631578947368,0.8620876038588454,0.0,0.47368421052631576,0.6666666666666666,0.923076923076923,0.9538461538461539,0.8412058064418662,0.0,0.0,0.8,1.0
FP,,0.6083135010440669,S1-733371127,S3-83195745,seo trust,seo trust incorporated,8832 town and country boulevard ellicott city md,8843 town and country boulevard ellicott city maryland,None,None,1.0,0.5806451612903225,0.8818181818181818,0.8478702283552935,1.0,0.5909090909090909,0.5555555555555556,0.9215686274509803,0.9598765432098766,0.7515340322648866,0.0,0.0,0.7142857142857143,1.0
FP,,0.6033690713341613,S1-152016818,S2-592711794,vision center of farmers branch care,farmers branch,13301 galleria place unit 3204 farmers branch tx,cookscreek place farmers branch tx,13301,None,0.4,0.56,0.6772486772486772,0.7422891485321997,0.0,0.6111111111111112,0.5,0.6097560975609756,0.6149446958270487,0.5218906506995629,0.0,0.0,0.8,1.0
FP,,0.5956244300466473,S1-502187379,S3-956758131,millennium event india corporation,corporation millennium finance india,maharashtra mumbai bandra gw 3020 g block bharat diamond bourse bkc,no 203 gw 3022 g block bharat diamond bourse bkc mh bandra,None,None,0.5,0.5142857142857142,0.7007709066532596,0.7979758905258043,0.0,0.05555555555555555,0.5714285714285714,0.6719999999999999,0.7498647346820274,0.8123258261783451,0.0,0.0,0.7272727272727273,1.0
FP,,0.5921790368548338,S1-764114843,S2-989836734,scholarship network vi,scholarship network vi holdings association 5017,39 dunster road bedford ma,0052 dunster road bedford ma,None,None,0.5,0.6285714285714286,0.8916666666666666,0.7350987394515228,0.0,0.5416666666666666,0.6666666666666666,0.8888888888888888,0.9267399267399267,0.8263039017187559,0.0,0.0,0.8,1.0
FP,,0.5884028600434822,S1-528827404,S2-227404690,rosabella newlin d d s,rosabella newlin d d s eastgate eastgate,6151 shadow lane unit apartment 216 citrus heights ca,6154 shadow lane ca citrus heights,None,None,0.8,0.7096774193548387,0.91,0.6891770437032617,0.0,0.45,0.5,0.735632183908046,0.8500716796152423,0.7413427029079078,0.0,0.0,0.8333333333333334,1.0
FP,HIGH_NAME_LOW_ADDR (Franchise/Different Location),0.5861923498180787,S1-326265989,S2-631447961,hari business private limited,hari solutions private limited,bangalore south bangalore iti layout no 421 karnataka,,None,None,0.5,0.847457627118644,0.9295667550839964,0.49374369791540956,0.0,0.03333333333333333,0.0,0.0,0.0,0.0,0.0,0.0,0.0,1.0
FP,,0.5736063292483772,S1-560575702,S3-219461151,craig s spa,the craig s staffing,nm 3416 kafka road rio rancho,342 kafka road rio rancho new mexico,None,None,0.6666666666666666,0.6451612903225806,0.6696969696969698,0.5537059676786162,0.0,0.45,0.4444444444444444,0.7384615384615385,0.6921711366538953,0.6592813443775466,0.0,0.0,0.6666666666666666,1.0
FP,,0.573553300714633,S1-818888308,S2-176135407,anvil llc,anvil group,1701 colter street unit 302 phoenix az,001722 colter street phoenix az,None,001722,1.0,0.6,0.8424242424242424,0.7923896294486836,1.0,0.18181818181818182,0.5714285714285714,0.782608695652174,0.8204988277144474,0.673610134696685,0.0,0.0,1.0,1.0
FP,,0.5713578136725143,S1-573601358,S3-152004006,metro foundation of tucson v,metro foundation of tucson v corporation,5820 35th street tucson az,5841 35th street tucson arizona,None,None,1.0,0.8235294117647058,0.9400000000000001,0.9414577461528845,1.0,0.3,0.42857142857142855,0.8421052631578947,0.9192721257237386,0.6113889546490889,0.0,0.0,0.6,1.0
FP,,0.5702546874032035,S1-620858303,S3-670657544,carrillo inpoint,carrillo ítlnnoitn llc,1416 gordon place winchester city va,1423 gordon place winchester virginia,None,None,0.3333333333333333,0.6842105263157895,0.8737012987012986,0.3952753759374172,0.0,0.2727272727272727,0.375,0.7945205479452055,0.8962162162162162,0.6895998044027574,0.0,0.0,0.6,1.0
FP,,0.5688262150645362,S1-83402127,S3-354093507,raj global limited,raj global automobiles limited,611 a tulsiani chambers nariman point mumbai mumbai city maharashtra,ddor no c 618 a tulsiani chambers nariman point mumbai mumbai city mh,None,None,0.6666666666666666,0.75,0.8866666666666667,0.6719945080219554,0.0,0.4,0.5,0.8467153284671532,0.7550308013158592,0.8427715157907217,0.0,0.0,0.75,1.0
FP,,0.5681299457444794,S1-101122655,S3-913277665,united vishnu,united vishnu infratech company,shed no gf 56 kalptaru industrial estate nr torrent power opp kathwada gidc n icol ahmedabad gujarat,shed no gf 65 kalptaru industrial estate nr torrent power opp kathwada gidc n icol ahmedabad ગ જર ત,None,None,0.6666666666666666,0.5909090909090908,0.8838709677419355,0.762203069870087,0.0,0.5806451612903226,0.7,0.9246231155778895,0.9717282502443794,0.9155981667510552,0.0,0.0,0.875,1.0
FP,,0.562512154782821,S1-579314410,S2-28415497,burke arrived incorporated,burke arrived holdings,25889 264 highway pantego nc,5898 264 highway pantego nc,25889,None,0.6666666666666666,0.6666666666666667,0.8798756798756798,0.7874998756422069,0.0,0.15384615384615385,0.8,0.9454545454545454,0.9634038800705468,0.7166563402345746,0.0,0.0,1.0,1.0
FP,,0.5586943032813744,S1-61826424,S2-987166995,kailas company,kailas company holdings,eastend 3rd floor plot no 22 jayabheri enclave gachibowli hyderabad 500 032 hyderabad telangana,eastend 24rd floor plot no 22 jayabheri enclave gachibowli hyderabad 500 032 telangana,None,None,0.5,0.7567567567567568,0.9217391304347826,0.8472718453673348,0.0,0.391304347826087,0.8461538461538461,0.9281767955801105,0.8864766567581744,0.9099564076744348,0.0,0.0,0.9166666666666666,1.0
FP,,0.5560306300552693,S1-548405427,S2-365305650,101 galata,101 llc galata,ut 1034 albion meadow way bluffdale sl co,1035 albion meadow way riverton ut,None,None,1.0,0.8333333333333335,0.9228571428571428,0.9710736758509676,1.0,0.2857142857142857,0.4,0.64,0.6329507412721186,0.5542628288682634,0.0,0.0,0.6666666666666666,1.0
FP,,0.5539520442632472,S1-112604796,S2-449517914,fresh optimal mellon,fresh optimal mellon metro corporation,3680 paulding avenue bronx ny,3683 paulding avenue bronx ctiy ny,None,None,0.75,0.6896551724137931,0.9052631578947368,0.8525652397824348,0.0,0.47368421052631576,0.5714285714285714,0.8888888888888888,0.9424442190669372,0.7500127030364814,0.0,0.0,0.8,1.0
FP,HIGH_NAME_LOW_ADDR (Franchise/Different Location),0.548971479024697,S1-974637492,S2-64961663,indian projects private limited,indian ss projects private límited,405 skyline house 85 nehru palace new delhi south delhi delhi,,None,None,0.5,0.923076923076923,0.9100189753320683,0.818821172573657,0.0,0.08823529411764706,0.0,0.0,0.0,0.0,0.0,0.0,0.0,1.0
FP,,0.5448476680570591,S1-961185762,S2-248878191,silva and shipman llc,silva and shipman limited,6969 levin dashiell road hebron md,6975 levin dashiell road hebron md,None,None,1.0,0.826086956521739,0.932952380952381,0.9435980175435028,1.0,0.16,0.7142857142857143,0.9411764705882352,0.9686274509803922,0.8153490361982203,0.0,0.0,0.8333333333333334,1.0
FP,,0.5393099486419941,S1-41154520,S2-465775735,kolkata solutions,private kolkata solutions limited,46 2 sarat ghosh garden road kolkata howrah west bengal,no 51 acropolis 1858 1 rajdanga main road 5th floor unit no 5 12 kolkata howrah kolkata west bengal,None,None,1.0,0.68,0.7011289364230541,0.912849670581929,1.0,0.48484848484848486,0.23809523809523808,0.5454545454545454,0.633080808080808,0.4465066666835927,0.0,0.0,0.5,1.0
FP,,0.5368338041530089,S1-813206674,S3-360782689,gross zora b cpa,gross zora b cpa company,16 lasalle street elsah il,21 lasalle street elsah illinois,None,None,1.0,0.8,0.9333333333333333,0.9154429542695008,1.0,0.3333333333333333,0.42857142857142855,0.8620689655172413,0.9142628205128206,0.8215153797574519,0.0,0.0,0.6,1.0
FP,HIGH_NAME_LOW_ADDR (Franchise/Different Location),0.5347067185433035,S1-596048643,S2-35751136,seven red enterprise private limited,seven enterprise private limited,place n 87 s n 33 shanti nagar belgaum karnataka belgaum karnataka,,None,None,0.5,0.9411764705882352,0.9027777777777778,0.9392527000924563,0.0,0.1111111111111111,0.0,0.0,0.0,0.0,0.0,0.0,0.0,1.0
FP,,0.5323466053338496,S1-871807855,S2-512572627,manzer s tax llc,manzer s tax westgate llc,4601 lombard street portland or,461 lombard street po box 8271 portland or,None,None,0.75,0.7804878048780488,0.928,0.8239456655345763,0.0,0.36,0.375,0.821917808219178,0.8796518177163339,0.6790543660293197,0.0,0.0,0.75,1.0
FP,,0.5312915212882032,S1-530628821,S3-504415468,nixie s solutions,nixie s solutions company,45 taylor street ma saugus,46 taylor street saugus massachusetts,None,None,1.0,0.8095238095238095,0.936,0.9133818114022053,1.0,0.32,0.42857142857142855,0.6984126984126984,0.843164241164241,0.7458400446872261,0.0,0.0,0.6,1.0
FP,,0.5255195016497078,S1-537783231,S3-646449961,electricians local 12,electricians local 12 incorporated,1848 7500 ogden ut,1857 7500 ogden utah,None,None,1.0,0.7636363636363638,0.9235294117647059,0.9235017861783911,1.0,0.38235294117647056,0.3333333333333333,0.8421052631578947,0.9003703703703704,0.6523659185517785,0.0,0.0,0.5,1.0
FP,HIGH_NAME_LOW_ADDR (Franchise/Different Location),0.5255102227174834,S1-871807855,S3-896117087,manzer s tax llc,manzer s tax l l c,4601 lombard street portland or,,None,None,0.6,0.9411764705882352,0.9777777777777777,0.9103185644029127,0.0,0.1111111111111111,0.0,0.0,0.0,0.0,0.0,0.0,0.0,1.0
FP,,0.5226817009377194,S1-178139149,S3-535280210,freida hodges esq,freida hodges esq corporation,tn 3738 abercrombie circle chattanooga,3743 abercrombie cir chattanooga tennessee,None,None,1.0,0.7391304347826086,0.9172413793103449,0.927446944777307,1.0,0.41379310344827586,0.25,0.775,0.72309561783246,0.7451013298950708,0.0,0.0,0.4,1.0
FP,,0.5202042788273128,S1-505475964,S3-868862588,advanced diamond navigation,advanced diamond navigation group,67 robert drive unit 6723 easton ma,69 robert drive 6723 easton massachusetts,None,None,1.0,0.9,0.9636363636363636,0.9452210270756484,1.0,0.18181818181818182,0.4444444444444444,0.7631578947368421,0.7570596830392267,0.7171232039552888,0.0,0.0,0.6666666666666666,1.0
FP,,0.5189699484482014,S1-423020495,S3-118518731,bj finance private limited,private bj technology limited,door no 54 14 4 4 srinivasa nagar bank colony ring road ro ad no 4 vijayawada krishna andhra pradesh,no 54 14 4 7 srinivasa nagar bank colony ring road ro krishna ap,None,None,0.5,0.5454545454545454,0.7318945422393698,0.57567878004711,0.0,0.10344827586206896,0.6111111111111112,0.7682926829268293,0.739183201058201,0.7688524177206609,0.0,0.0,0.8461538461538461,1.0
FP,,0.5186482701538636,S1-192377556,S3-304348534,calvin services private limited,bion private limited service,building l 1 ground floor shri rajlakshmi textile park pogaon thane maharashtra,building l 1 ground floor shri rajlakshmi textile park pogaon thane mh,None,None,0.0,0.6101694915254237,0.7557603686635944,0.49148935924442383,0.0,0.0967741935483871,0.8461538461538461,0.9395973154362416,0.9772151898734177,0.946216784391617,0.0,0.0,0.9166666666666666,1.0
FP,,0.5180586680902103,S1-292161838,S3-409377272,mcneill medical incorporated,mcneill medical holdings,oh cincinnati 4824 paddock road,004826 paddock road cincinnati ohio,None,004826,0.6666666666666666,0.6923076923076923,0.8895238095238096,0.8023668660116127,0.0,0.14285714285714285,0.5,0.48484848484848486,0.6938556067588326,0.7401550580844853,0.0,0.0,0.75,1.0
FP,,0.5170824418587,S1-582673649,S2-403104404,appomattox county communities,appomattox county block company,6643 hollywood road appomattox county va,9415a old courthouse road va appomattox county,None,None,0.5,0.7333333333333334,0.8845687127110932,0.7165394250046443,0.0,0.06451612903225806,0.4444444444444444,0.6744186046511628,0.7159846547314578,0.5687133263767309,0.0,0.0,0.6666666666666666,1.0
FP,,0.5170201543874786,S1-616557249,S2-282806377,3404 third ave partners llc,3404 thrid ave partners group,404 8th street unit 404 anton tx,408 8th street anton tx,None,None,0.6,0.8214285714285714,0.9349616858237547,0.6991719147351977,0.0,0.06896551724137931,0.5714285714285714,0.8,0.8565876152832674,0.600126355766528,0.0,0.0,0.8,1.0
FP,,0.515281851472864,S1-781103531,S2-170269764,shree valley limited,dr shree industries valley limited,no 13 jagannath nivas ground floor avantikabai gokhale cross road opera ho use mumbai mumbai city maharashtra,18 jagannath nivas ground floor avantikabai gokhale cross road opera ho use mumbai मह र ष ट र,None,None,0.5,0.7407407407407408,0.7127450980392158,0.7545545466370855,0.0,0.4117647058823529,0.6,0.8316831683168318,0.7410689243636687,0.8782060142534934,0.0,0.0,0.8,1.0
FP,,0.5152081966245574,S1-582824483,S2-58557337,tl technology,tlf tecnlogolgy,11814 lower 31st street lake elmo mn,11819 lower 31st street lake elmo city mn,11814,11819,0.0,0.7857142857142857,0.8817094017094018,0.24931682763281393,0.0,0.13333333333333333,0.8571428571428571,0.9090909090909091,0.9651761517615176,0.8523741113954073,0.0,1.0,1.0,1.0
FP,,0.5138911596702845,S1-171461624,S3-180734667,spoc public school,spoc public school industries,plot no 1 2 survey no 64 3rd floor 3b trendz metro sector 1 huda techno enclave shaikpet hyderabad telangana,door no 1 6 survey no 64 3rd floor 3b trendz metro sector 1 huda techno enclave shaikpet null tg,None,None,0.75,0.7659574468085107,0.9241379310344827,0.8482998962955333,0.0,0.3793103448275862,0.6190476190476191,0.8627450980392157,0.8178390083632019,0.8811791598900851,0.0,0.0,0.7647058823529411,1.0
FP,,0.5094409161917967,S1-124289880,S2-147754572,carrissa torres d c pc,carrissa tórres d c pc llc,8407 154th avenue e owasso ok,8408 154th avenue e owasso ok,None,None,0.6666666666666666,0.875,0.9524475524475525,0.6740707884744618,0.0,0.15384615384615385,0.7142857142857143,0.9655172413793103,0.9839080459770116,0.8632627390703954,0.0,0.0,0.8333333333333334,1.0
FP,,0.5056716666998962,S1-955841937,S2-1543418,chiropractic center llc,chiropractic center,mcalester 1917 green meadows drive ok,lakeside drive noble ok,None,None,1.0,0.9047619047619048,0.9652173913043479,0.9688512375183912,1.0,0.17391304347826086,0.25,0.43333333333333335,0.6260282021151586,0.1546015726302843,0.0,0.0,0.5,1.0
FP,,0.504416173125205,S1-41154520,S2-362329289,kolkata solutions,kolkata services private limited,46 2 sarat ghosh garden road kolkata howrah west bengal,166 a sarat ghosh garden road kolkata kolkata kolkata west bengal,None,None,1.0,0.4489795918367348,0.6723699095022625,0.6014592425425562,1.0,0.46875,0.6363636363636364,0.8166666666666668,0.725122496551068,0.7461130362315692,0.0,0.0,0.875,1.0
FP,,0.5025348903176147,S1-41154520,S2-606745939,kolkata solutions,kolkata solutions limited,46 2 sarat ghosh garden road kolkata howrah west bengal,west bengal hn 813 12b manmatha nath dutt road kolkata kolkata,None,None,1.0,0.8095238095238095,0.936,0.9575577142135299,1.0,0.32,0.25,0.47863247863247854,0.640811339198436,0.3902023566226607,0.0,0.0,0.4,1.0
FP,,0.5023211358370295,S1-228744735,S2-82444234,raor commerce,raor eastgate commerce,223 pittsburg avenue tulsa ok,224 pittsburg avenue tulsa township ok,None,None,0.6666666666666666,0.7428571428571429,0.8566433566433567,0.8190405863693369,0.0,0.4090909090909091,0.5714285714285714,0.835820895522388,0.9206291591046581,0.7928167829397831,0.0,0.0,0.8,1.0
FP,,0.5022147415608929,S1-133902932,S2-262527111,jain edusystems private limited,public jain edusystems limited,flat no 302 chartered mady 17th main j p nagar phase ii bangalore karnataka,307 chartered mady 17th main j p nagar phase ii bengaluru bangalore karnataka,None,None,0.6666666666666666,0.7540983606557377,0.7332616487455197,0.8419239809883093,0.0,0.03225806451612903,0.7333333333333333,0.8684210526315791,0.7986046803438107,0.8493775707977834,0.0,0.0,0.8461538461538461,1.0
FP,,0.5007984288219794,S1-257203049,S2-807482997,rio sangh,sri rio sangh enterprise,flat no 09 rukhmini appt chetna nagar opposite chobe hospital aurangabad maharashtra,flat no 13 rukhmini appt chetna nagar opposite chobe hospital aurangabad maharashtra,None,None,0.6666666666666666,0.5454545454545454,0.7175925925925926,0.7153433042087118,0.0,0.625,0.8333333333333334,0.9761904761904762,0.9904761904761905,0.9751990451091397,0.0,0.0,0.9090909090909091,1.0
FP,,0.4999561853104036,S1-300005414,S2-263887387,mitchell herring and graham l l c,mitchell herring and graham company,120 mimosa street camden tn,tn 122 mimosa street camden,None,None,0.6,0.8529411764705883,0.9414718614718615,0.901950960378621,0.0,0.05714285714285714,0.6666666666666666,0.8518518518518519,0.7906172839506173,0.90177215216821,0.0,0.0,0.8,1.0
FP,,0.4974383101922589,S1-64262138,S2-297384401,ndx surgical llc,ndx surgical riverside llc,4920 jefferson street unit apartment 8 l pulaski ny,4924 jefferson street pulaski ny,None,None,0.6666666666666666,0.7619047619047619,0.9230769230769231,0.8214824152871516,0.0,0.38461538461538464,0.4,0.7469879518072289,0.8710975384777567,0.7629577852003008,0.0,0.0,0.8,1.0
FP,,0.49702131950965867,S1-342344172,S3-323755765,panvel sugar limited,panvel sugar group,shop no 4 ground floor swami smarth chs plot number e1 c sector number 12 panvel raigarh mh maharashtra,11 ground floor swami smarth chs plot number e1 c sector number 12 raigarh mh panvel mh,None,None,1.0,0.6842105263157895,0.8744444444444445,0.8854284819090547,1.0,0.1,0.7647058823529411,0.8210526315789474,0.7811435610959035,0.9292146392844167,0.0,0.0,0.9285714285714286,1.0
FP,,0.4931040306450602,S1-951832034,S2-59973599,markham and bacchus,markham bacchus and llc,181 arnold gamble circle sacramento ca,185 arnold gamble cir sacramento ca,None,None,1.0,0.7142857142857143,0.9125858123569794,0.9825516991675889,0.0,0.17391304347826086,0.5,0.9315068493150684,0.9172519534129442,0.8413573807816194,0.0,0.0,0.6666666666666666,1.0
FP,,0.4899926359538925,S1-398469911,S2-4571528,sushma india,sushma exports,c o beena kumari p sai s 2366923 paral road cly var po kuthuparamba kannur kerala,no 4 c o benea kumari p sai s 2366923 paral road cly var po kuthuparamba kannur kerala,None,None,0.3333333333333333,0.5384615384615384,0.6944444444444445,0.7341719452440705,0.0,0.14285714285714285,0.8333333333333334,0.9580838323353293,0.8365872332280601,0.9209034265459449,0.0,0.0,0.9375,1.0
FP,,0.4877770202312531,S1-41154520,S2-32417593,kolkata solutions,kolkata solutions private,46 2 sarat ghosh garden road kolkata howrah west bengal,5 25 1 dumdum road kolkata howrah west bengal,None,None,1.0,0.8095238095238095,0.936,0.9512645190597818,1.0,0.32,0.35714285714285715,0.74,0.6965146965146966,0.5027738930069633,0.0,0.0,0.5555555555555556,1.0
FP,,0.48709134364591733,S1-421435439,S2-723134001,valdez pyrophyte llc,valdez pyrophyte corporation,1900 kittrell drive ocean isle beach nc,1905 kittrell drive ocean isle beach nc,None,None,1.0,0.75,0.9085714285714286,0.9121956485400179,1.0,0.2857142857142857,0.75,0.9743589743589743,0.9880341880341881,0.9123310607243552,0.0,0.0,0.8571428571428571,1.0
FP,,0.48703452821964516,S1-151798010,S2-744877555,lucknow automobiles private limited,lucknow limited service,vivek khand gomti nagar lucknow uttar pradesh 2 221 lucknow,maa bhawan 2 16 vibhuti khand gomti nagar lucknow uttar pradesh,None,None,0.3333333333333333,0.5517241379310345,0.8549896480331264,0.5967775775516582,0.0,0.34285714285714286,0.5384615384615384,0.6885245901639344,0.7057102502017756,0.6425923359760544,0.0,0.0,0.7777777777777778,1.0
FP,,0.48206223904697,S1-151798010,S2-435820446,lucknow automobiles private limited,lucknow connectronics private limited,vivek khand gomti nagar lucknow uttar pradesh 2 221 lucknow,2 134 vijay khand gomti nagar lucknow uttar pradesh,None,None,0.3333333333333333,0.7777777777777779,0.8935907335907336,0.5100102440921185,0.0,0.05405405405405406,0.6363636363636364,0.7636363636363638,0.7104116942102984,0.7628542415627866,0.0,0.0,0.7777777777777778,1.0
FP,,0.48103501808891375,S1-25823897,S2-765467948,sonai traders private limited,sonai traders infratech,33d velachery main road opposite tovelachery police station vel achery chennai station velachery chennai tamil nadu,tamil nadu 42d velachery main road opposite tovelachery police station vel achery chennai station velachery,None,None,0.6666666666666666,0.6923076923076923,0.8857255582734949,0.7196807958230189,0.0,0.20689655172413793,0.8571428571428571,0.8468468468468469,0.7931477453503412,0.9621352107148223,0.0,0.0,0.9230769230769231,1.0
FP,,0.4764052759850332,S1-514059871,S3-126793163,bell lowe pllc,bell lowe eastgate pllc,128 fairmount street connersville in,149 b fairmount street connersville indiana,None,None,0.75,0.7567567567567568,0.9217391304347826,0.7974806103843468,0.0,0.391304347826087,0.42857142857142855,0.8607594936708861,0.8058367533059735,0.7989298232298386,0.0,0.0,0.75,1.0
FP,,0.47532670119764975,S1-836720513,S2-972024105,merralee barnes d c,merralee barnes d c company,houston tx 6201 southwest freeway,houston 6210 c southwest freeway tx,None,None,1.0,0.826086956521739,0.9407407407407408,0.9137157208155201,1.0,0.2962962962962963,0.5714285714285714,0.8529411764705883,0.9080465367965368,0.8235687245370928,0.0,0.0,0.8,1.0
FP,,0.4751766058927492,S1-746683686,S3-790386794,silicon solutions,ventures solutions silicon,moradabad uttar pradesh c o gindor the mafi po umri moradabad,umri up door no 48 c o gindor the mafi po moradabad,None,None,0.5,0.5116279069767442,0.6642031171442936,0.8502835672403478,0.0,0.34615384615384615,0.5833333333333334,0.6964285714285714,0.7401400699375627,0.8338261076422162,0.0,0.0,0.7777777777777778,1.0
FP,,0.47395026423097825,S1-431442616,S2-549500452,om consultants private limited,om consulting private limited,thane office no a1 b1 maharashtra 9th floor ashar it park 16z wagle industrial estate thane,office no a3 b4 9th floor ashar it park 16z wagle industrial estate thane maharashtra,None,None,0.3333333333333333,0.9152542372881356,0.9365772669220945,0.721029038072615,0.0,0.03333333333333333,0.75,0.8068181818181819,0.8007967164351669,0.8478045031351438,0.0,0.0,0.8571428571428571,1.0
FP,,0.4721274607946556,S1-876252431,S2-213921435,thinking realty private limited,thinking realty holdings limited private 3208589001,m 6 basement saket new delhi delhi,m 17 basement saket delhi,None,None,0.5,0.6097560975609756,0.8764073371283998,0.6186223303499626,0.0,0.39215686274509803,0.5714285714285714,0.7796610169491526,0.8807979539641944,0.8786054423306384,0.0,0.0,0.8,1.0
FP,,0.47055764614202217,S1-472674635,S2-488532636,muskan marketing,muskan healthcare company,140 11 om ng hakikat nagar jind haryana,plot 23 140 32 om ng hakikat nagar jind हर य ण,None,None,0.3333333333333333,0.5365853658536586,0.6877777777777778,0.5518209293167766,0.0,0.36,0.42857142857142855,0.7058823529411764,0.6626904496469714,0.7626248050046697,0.0,0.0,0.75,1.0
FP,,0.4686699815224802,S1-228398068,S2-680297559,estates educational society,estates educational society ventures limited,survey no 4784 a1 c 2 shop no 07 and 18 2nd floor pride icon gokul road hubli dharwad dharwar karnataka,survey no 4784 a1 c 3 shop no 07 and 18 2nd floor pride icon gokul road hubli dharwad karnataka,None,None,0.75,0.7605633802816901,0.9227272727272727,0.869613462912616,0.0,0.38636363636363635,0.8421052631578947,0.9494949494949495,0.9527594342186804,0.9566463296390018,0.0,0.0,0.9411764705882353,1.0
FP,,0.4653751257316522,S1-64827154,S2-684632247,rowland equity,rowland eqttiy company,tx 194 panchos trail blanco,203 panchos trail blanco tx,None,None,0.3333333333333333,0.6666666666666667,0.8885114885114886,0.6049848927679294,0.0,0.36363636363636365,0.6666666666666666,0.7777777777777779,0.7418142780461622,0.8656797318971372,0.0,0.0,0.8,1.0
FP,,0.4628361186739345,S1-718634856,S2-594670701,jemimah cora do,jemimah cora do corporation,8516 bobcat drive show low az,8537 bobcat drive white mountain lake az,None,None,1.0,0.7142857142857143,0.9111111111111111,0.9224062020041457,1.0,0.4444444444444444,0.3,0.6666666666666667,0.8140229885057472,0.5101593114238644,0.0,0.0,0.5,1.0
FP,,0.4621543138452398,S1-626949347,S2-617587425,elspeth smith frontier gsr llc,elspeth smith fróntier gsr group,379 fm 369 iowa park tx,tx iowa park 383 fm 369,None,None,0.6,0.8387096774193549,0.911712962962963,0.7568340837579436,0.0,0.0625,0.7142857142857143,0.4782608695652174,0.6200828157349897,0.7816250522168771,0.0,0.0,0.8333333333333334,1.0
FP,,0.46077275551020597,S1-938092819,S3-694258282,peon star metals lp,peon star metals harbor llc,2930 33rd street indianapolis in,2931 33rd street indianapolis indiana,None,None,0.6,0.782608695652174,0.9228070175438596,0.7890879968318956,0.0,0.2962962962962963,0.5,0.8985507246376812,0.9548704954954954,0.8113077005088644,0.0,0.0,0.75,1.0
FP,,0.46065502784370455,S1-151798010,S2-656085161,lucknow automobiles private limited,lucknow mindworks private limited,vivek khand gomti nagar lucknow uttar pradesh 2 221 lucknow,b 2 847 vivek khand gomti nagar lucknow uttar pradesh,None,None,0.3333333333333333,0.7941176470588236,0.8725541125541125,0.5278488580115618,0.0,0.05714285714285714,0.7272727272727273,0.8035714285714286,0.7466843442419074,0.8574754072058947,0.0,0.0,0.8888888888888888,1.0
FP,,0.4586957679374339,S1-970668602,S3-166204332,hanu house group,house hanu group exports,flat no 4 c yamunai jeevan bhima enclave rajasekaran street mylapore chennai tamil nadu,no 15 c yamunai jeevan bhima enclave rajasekaran street mylapore madras chennai tn,None,None,0.6666666666666666,0.55,0.825,0.8553031176297051,0.0,0.3333333333333333,0.5625,0.863905325443787,0.7868639163845219,0.8865247708585193,0.0,0.0,0.75,1.0
FP,,0.4562678158497773,S1-179271772,S2-855394012,coimbatore services private limited,coimbatore company ventures,door no 164 a new no 2 basmati complex balaji nagar siddhapudur coimbatore tamil nadu,no 50 2 coimbatore tamil nadu,None,None,0.5,0.5483870967741935,0.8374603174603175,0.6504253118687553,0.0,0.22857142857142856,0.3076923076923077,0.4736842105263158,0.5802985385135487,0.5205810221767806,0.0,0.0,0.8,1.0
FP,,0.45598008895226166,S1-846265901,S3-21399750,crump choice guggenheim incorporated,incorporated crump choice guggenheim greater,va isle of wight county 13248 queens gate terrace,13259 c queens gate terrace isle of wight county virginia,13248,13259,0.75,0.7,0.7606541606541607,0.9460395532468359,0.0,0.18181818181818182,0.6666666666666666,0.4716981132075472,0.7558440614995044,0.7931321533990285,0.0,1.0,0.8571428571428571,1.0
FP,,0.4556506383149751,S1-571829285,S2-760066067,integrated optimal transport associates,limited integrated optimal transport associates,102 benjamin court bedford county va,123 benjamin court bedord va,None,None,1.0,0.9069767441860467,0.7894162575013639,0.97716131739576,1.0,0.1702127659574468,0.375,0.84375,0.9142857142857143,0.6728087866703766,0.0,0.0,0.6,1.0
FP,,0.45106408634127504,S1-302987319,S3-874837441,crestline,crestline westgate,9525 acorn park street capitol heights md,maryland capitol heights 9546 acorn park street,None,None,0.5,0.6666666666666667,0.9,0.7861780434151106,0.0,0.5,0.5555555555555556,0.4545454545454546,0.6841534179365004,0.7459762400375336,0.0,0.0,0.7142857142857143,1.0
